category,keyword
Remove,british antarctic survey
EarthScience,geo 
InterdisciplinaryComputing,informat
ComputerScience,comp sci
Math,math 
Education,educ
Engineering,engn 
Humanities,english
EnvironmentalBiology,bio
Chemistry,chem
LifeScience,communicable
Physics,phys 
SocialScience,culture
Architecture,architecture
Remove,usgs
EarthScience,geol
InterdisciplinaryComputing,informa
ComputerScience,informat & enabling technol
Math,mathemat
Engineering,engn[comma]
Humanities,latin
EnvironmentalBiology,bot
Chemistry,atomic
LifeScience,pharm
Physics,langmuir
SocialScience,politi
Remove,geological survey
EarthScience,earth
InterdisciplinaryComputing,bioinform
ComputerScience,enabling tech
Math,stat 
Engineering,control sci
Humanities,liberal arts
EnvironmentalBiology,evol
Chemistry,balcones
LifeScience,infect
Physics,gleb wataghin
SocialScience,psychiat
Remove,kennedy space
EarthScience,meteorol
InterdisciplinaryComputing,data sci
ComputerScience,computat sci
Math,stat[comma]
Engineering,engr
Humanities,bunting inst
EnvironmentalBiology,univ politecn valencia[comma] iam
LifeScience,hlth
Physics,reg bariloche
SocialScience,govt
Remove,fish and wildlife
EarthScience,spatial
InterdisciplinaryComputing,inform tech
ComputerScience,madalgo
Math,statistic
Humanities,literature
EnvironmentalBiology,eco
LifeScience,food
Physics,inst balseiro
SocialScience,anthropol
Remove,fiw
EarthScience,energy
InterdisciplinaryComputing,info tech
ComputerScience,informat 
Math,santa fe inst
Humanities,archeol
EnvironmentalBiology,ent
LifeScience,neurobiol
Physics,ctr atom bariloche
SocialScience,social
Remove,noaa
EarthScience,climate
InterdisciplinaryComputing,ecoinfo
ComputerScience,informat[comma]
Math,nevanlinna inst
Humanities,arqueol
EnvironmentalBiology,ornit
LifeScience,bacteriol
Physics,nucl
SocialScience,law 
Remove,national oceanic and
EarthScience,hydrol
InterdisciplinaryComputing,computat land
ComputerScience,informatics
Math,dept matemat
EnvironmentalBiology,zoo
LifeScience,microbiol
Physics,isotrace
SocialScience,woodrow wilson sch
Remove,consult
EarthScience,minerals
InterdisciplinaryComputing,computat ecol
ComputerScience,computat
EnvironmentalBiology,plant
LifeScience,epidemiol
Physics,inst adv
SocialScience,pondichery
Remove,geol survey
EarthScience,polar
InterdisciplinaryComputing,theory & modeling
ComputerScience,complejidad
EnvironmentalBiology,life
LifeScience,serv alta tecno
SocialScience,saami studies
Remove,capita
EarthScience,space
InterdisciplinaryComputing,bioinf
ComputerScience,eugene lawler
LifeScience,aarhus inst
SocialScience,ctr noumea
Remove,capitol
EarthScience,atmospher
InterdisciplinaryComputing,univ politecn catalunya[comma] complex syst res grp
ComputerScience,dworkin lab
EnvironmentalBiology,limn
LifeScience,aronoff lab
SocialScience,sociol
Remove,save elephants
EarthScience,atmosfera
InterdisciplinaryComputing,modelling sci
ComputerScience,artificial intelligence
EnvironmentalBiology,species
LifeScience,charles perkins
SocialScience,commerce
Remove,usda
EarthScience,clima
ComputerScience,artificial intel
EnvironmentalBiology,aquat
LifeScience,vet
SocialScience,business
Remove,nasa
EarthScience,low temp
ComputerScience,art intell
EnvironmentalBiology,vida
LifeScience,genom
EarthScience,parsons lab
EnvironmentalBiology,nat
LifeScience,enabling technol
EarthScience,ft collins sci
EnvironmentalBiology,trop
LifeScience,med
EarthScience,busgen inst
EnvironmentalBiology,populat
LifeScience,nutr
EarthScience,macaulay inst
EnvironmentalBiology,paleo
LifeScience,parasitol
EarthScience,buesgen inst
EnvironmentalBiology,freshwater
LifeScience,radiol
EarthScience,svalbard unis
EnvironmentalBiology,bird
LifeScience,neurogenet
EarthScience,ctr svalbard
EnvironmentalBiology,nematol
LifeScience,david clark labs
EarthScience,terra jaume
EnvironmentalBiology,anim
LifeScience,dis control
EarthScience,ore deposits
EnvironmentalBiology,marine
LifeScience,salud
EarthScience,isotope
EnvironmentalBiology,ocean
LifeScience,nucats
EarthScience,min
EnvironmentalBiology,reef
LifeScience,pathol
EarthScience,nordiques
EnvironmentalBiology,estuar
LifeScience,canc
EnvironmentalBiology,ambientales
EnvironmentalBiology,env
LifeScience,helmholtz ctr
EnvironmentalBiology,fish
LifeScience,karolinska inst
EarthScience,radiocarbon
EnvironmentalBiology,forest
LifeScience,gulbenkian inst
EarthScience,hydrophys
EnvironmentalBiology,watershed
LifeScience,inst vogelforsch
EarthScience,quaternary
EnvironmentalBiology,rivers 
LifeScience,neurosci
EarthScience,remote sensing
EnvironmentalBiology," land,"
EnvironmentalBiology, land 
LifeScience,liggins inst
EarthScience,palaeontol
EnvironmentalBiology,soil
LifeScience,haartman inst
EarthScience,ctr etud nord
EnvironmentalBiology,ictiol
LifeScience,virol
EarthScience,oceanog
EnvironmentalBiology,water
LifeScience,huch lab
EnvironmentalBiology,crop
LifeScience,tech st jerome
EnvironmentalBiology,range
LifeScience,inst butantan
EnvironmentalBiology,hort
LifeScience,forens
Remove,smithsonian
LifeScience,helmintol
EnvironmentalBiology,lake
LifeScience,salut
EnvironmentalBiology,aridas
LifeScience,microorganisms
EnvironmentalBiology,appalachian lab
LifeScience,stress adaptat
EnvironmentalBiology,moreau lab
LifeScience,outbreak anal
EnvironmentalBiology,alaska sci ctr
LifeScience,genet
EnvironmentalBiology,technosuruga lab co ltd
LifeScience,verhaltensphysiol
EnvironmentalBiology,field sci
LifeScience,parsitol
EnvironmentalBiology,florestais
LifeScience,ineuci
EnvironmentalBiology,ethol
LifeScience,inst venezolano
EnvironmentalBiology,lorenz
LifeScience,babraham inst
EnvironmentalBiology,foret
LifeScience,neison labs
EnvironmentalBiology,conservat
LifeScience,vero beach lab
EnvironmentalBiology,terradynam
LifeScience,reg hosp
EnvironmentalBiology,lincglobal
LifeScience,radiat
EnvironmentalBiology,dna barcoding
LifeScience,nelson labs
EnvironmentalBiology,volcani
LifeScience,corson lab
EnvironmentalBiology,wild
LifeScience,ctr louis emberger
EnvironmentalBiology,fram
LifeScience,ophthalmol
Remove,james hutton
EnvironmentalBiology,percy fitzpatrick
EnvironmentalBiology,barnes lab
LifeScience,physiol
EnvironmentalBiology,clodomiro picado
EnvironmentalBiology,corail
EnvironmentalBiology,edward grey
EnvironmentalBiology,farlington ringing
EnvironmentalBiology,indie
EnvironmentalBiology,instaar
EnvironmentalBiology,leetown sci
EnvironmentalBiology,arthur rylah
EnvironmentalBiology,florida integrated
EnvironmentalBiology,desert
EnvironmentalBiology,mt studies
EnvironmentalBiology,linc global
EnvironmentalBiology,nsw dept primary ind
EnvironmentalBiology,brackenridge field
EnvironmentalBiology,avancats blanes
EnvironmentalBiology,christchurch sci ctr
EnvironmentalBiology,silvicultura
EnvironmentalBiology,dendro
EnvironmentalBiology,st anthony falls lab
EnvironmentalBiology,cryoptogamy
EnvironmentalBiology,ciencies mar
EnvironmentalBiology,herpetol
EnvironmentalBiology,avanzados blanes
EnvironmentalBiology,vegetal
EnvironmentalBiology,lab costero calfuco
EnvironmentalBiology,aquaculture
EnvironmentalBiology,agr
EnvironmentalBiology,alfred wegener
EnvironmentalBiology,vogelwarte
EnvironmentalBiology,mediterr
EnvironmentalBiology,insect sci
EnvironmentalBiology,phytol
EnvironmentalBiology,rech halieut
EnvironmentalBiology,ichtyol
EnvironmentalBiology,erken lab
EnvironmentalBiology,pesquisa amazonia
EnvironmentalBiology,louis calder
EnvironmentalBiology,russell labs
EnvironmentalBiology,hoffmann inst
EnvironmentalBiology,complutense
EnvironmentalBiology,ralph m parsons
EnvironmentalBiology,tree ring 
EnvironmentalBiology,ctr wood
EnvironmentalBiology,okol
EnvironmentalBiology,verteb
EnvironmentalBiology,meereskunde
EnvironmentalBiology,streamside studies
EnvironmentalBiology,ars cereal rust
EnvironmentalBiology,coastal
EnvironmentalBiology,black mt labs
EnvironmentalBiology,prairie sci
EnvironmentalBiology,coweeta
EnvironmentalBiology,community dynam
EnvironmentalBiology,arbeitsgrp verhaltensforsch
EnvironmentalBiology,insect
EnvironmentalBiology,avian
EnvironmentalBiology,shrub sci lab
EnvironmentalBiology,belle w baruch
EnvironmentalBiology,boreal inst
EnvironmentalBiology,ekol
EnvironmentalBiology,pesticide
EnvironmentalBiology,asko
EnvironmentalBiology,greeley mem lab
EnvironmentalBiology,buckhout
EnvironmentalBiology,boyce thompson inst
EnvironmentalBiology,pasture sci
EnvironmentalBiology,maritime
EnvironmentalBiology,harbor
EnvironmentalBiology,sea
SocialScience,geog
Math,math[comma]
EarthScience,arct
EarthScience,plateau
EarthScience,ciencia solo
SocialScience,polit sci
LifeScience,gen syst sci
EarthScience,aquifer
SocialScience,civiliz
EnvironmentalBiology,arboret
EnvironmentalBiology,grassland
EnvironmentalBiology,rangeland
Remove,morton arboretum
EnvironmentalBiology,resources sci
EarthScience,geosci
Remove,cty arbor
EarthScience,renewable resource
SocialScience,econ
Physics,"phys,"
ComputerScience,syst simulat
EnvironmentalBiology,naqu integrated observat
EnvironmentalBiology,blandy expt
EnvironmentalBiology,herbari
SocialScience,psychol
EarthScience,aos program
EarthScience,espm
Physics,jet prop lab
Architecture,design
EnvironmentalBiology,wetland
EnvironmentalBiology,environm
Remove,oceanopolis
EnvironmentalBiology,arid land
EnvironmentalBiology,woods hole
Remove,inra
EnvironmentalBiology,fabrikschleichach
EnvironmentalBiology,wave res lab
EnvironmentalBiology,ctr no studies
EnvironmentalBiology,ismer
EnvironmentalBiology,marinas
EnvironmentalBiology,ciencias mar
EnvironmentalBiology,grönlandlehre
InterdisciplinaryEnvironmental,global change
EnvironmentalBiology,leidy lab
Remove,inst wsl
EnvironmentalBiology,vucel
Chemistry,helsinki[comma] dating
EnvironmentalBiology,terramare
Math,matemat
InterdisciplinaryEnvironmental,complex syst
InterdisciplinaryEnvironmental,sustainab
InterdisciplinaryEnvironmental,oulanka res
InterdisciplinaryEnvironmental,resilience ctr
LifeScience,global coe
Remove,max planck
EnvironmentalBiology,mammal
LifeScience,neuro
LifeScience,brain
EnvironmentalBiology,joseph fourier
EnvironmentalBiology,etudes nord
Remove,CNRS
EnvironmentalBiology,river basin
LifeScience,pediat
Remove,jamstec
EnvironmentalBiology,white mt res
EnvironmentalBiology,inst agua
EnvironmentalBiology,eeob
EnvironmentalBiology,river studies
EnvironmentalBiology,evnironm
EnvironmentalBiology,tyson res
Engineering,mat sci
InterdisciplinaryEnvironmental,cires
EnvironmentalBiology,lter
InterdisciplinaryComputing,theoret dynam
Remove,ifremer
Remove,nih
Remove,us epa
Remove,pacific nw lab
EnvironmentalBiology,mt res stn
Remove,swiss fed
EnvironmentalBiology,cary inst
Remove,chinese acad
Remove,environm canada
Remove,nat hist museum
Remove,inst mediterrani estud avancats
Remove,canadian wildlife serv
Remove,us forest serv
Remove,skagit river syst cooperat
EnvironmentalBiology,ccmar
EnvironmentalBiology,estn expt zaidin
EnvironmentalBiology,lehrstuhl
EnvironmentalBiology,uem pea nupelia
EnvironmentalBiology,stn alpine
EnvironmentalBiology,edytem
EnvironmentalBiology,south iceland res ctr
EnvironmentalBiology,imar cma
EnvironmentalBiology,cabi
EnvironmentalBiology,ctr northern studies
EnvironmentalBiology,estacion expt la mayora
EnvironmentalBiology,unite dynam syst anthropises
EnvironmentalBiology,ceaza
EnvironmentalBiology,ibed
EnvironmentalBiology,inst invest recursos cineget
EnvironmentalBiology,ceab
EnvironmentalBiology,ctr field res
EnvironmentalBiology,umr g eau
EnvironmentalBiology,sierra nevada res inst
EnvironmentalBiology,creaf
EnvironmentalBiology,eeb
EnvironmentalBiology,grefi
EnvironmentalBiology,thule inst
EnvironmentalBiology,res & extens ctr
EnvironmentalBiology,yukon res ctr
EnvironmentalBiology,cesam
EnvironmentalBiology,distav
EnvironmentalBiology,rothamsted expt stn
EnvironmentalBiology,konnevesi res stn
InterdisciplinaryComputing,cirita
EnvironmentalBiology,fitzpatrick inst
EnvironmentalBiology,archipelago res inst
EnvironmentalBiology,kananaskis field sn
EnvironmentalBiology,duke univ phytotron
InterdisciplinaryEnvironmental,criobe
InterdisciplinaryEnvironmental,ctr rech insulaires
InterdisciplinaryEnvironmental,umr amap
InterdisciplinaryEnvironmental,bilby res ctr
Engineering,dept signal theory & commun
Physics,dept fis 
SocialScience,eastern normay res inst
Remove,wsl inst snow & avalanche res slf
Remove,australian res & dev inst
Remove,commonwealth sci & ind res org
Remove,csiro
Remove,oncfs
Remove,imarpe
Remove,itam[comma]
Remove,florida dept transportat
Remove,abisko sci res stn
Remove,lab pengendalian
EnvironmentalBiology,cebc
EnvironmentalBiology,lbbe
EnvironmentalBiology,ise m
EnvironmentalBiology,irbi
EnvironmentalBiology,gemi
EnvironmentalBiology,uft neamb
EnvironmentalBiology,cbetm
EarthScience,palynol lab
Remove,direct res faune[comma] quebec
EnvironmentalBiology,tesaf
EnvironmentalBiology,carmargue alsacienne
Remove,lawrence berkeley lab
Remove,Western & No Serv Ctr
Remove,cemim
SocialScience,"CNRS UMR 7041, F-92023 Nanterre, France"
Remove,DERF[comma] DSF
SocialScience,lorrain archael
EnvironmentalBiology,manejo basques amazonia boliviana
Remove,natl lab
Remove,elkhourn slough natl
Remove,natl rech
Remove,natl pk
Remove,natl sci fdn
Remove,natl zoo
Remove,natl marine
Remove,natl ecol
Remove,natl ocean
Remove,natl biol
Remove,natl museum
Remove,patuxent
Remove,pk canada
Remove,natl guard
Remove,us fish & wildlife
Remove,usfws
Remove,us dept interior
Remove,us doe
Remove,natl monument
