Paper_ID,Affiliation_ID,Year,OriginalAffiliation,Author,Validator,ManualKeyword,ManualAffiliation
6832,1,2014,"Univ Calif Berkeley, Energy & Resources Grp, Berkeley, CA 94720 USA;","Harte, John",AIK,,
2550,2,2012,"Microsoft Res, Computat Ecol & Environm Sci Grp, Cambridge CB3 0FB, England;","Hector, Andy",AIK,,
6804,6,2014,"Eawag, Swiss Fed Inst Aquat Sci & Technol, Dept Aquat Ecol, Ctr Ecol Evolut & Biogeochem, Kastanienbaum, Switzerland","Matthews, Blake",AIK,,
2543,4,2012,"Nucleus Ecol & Socioenvironm Dev Macae NUPEM UFRJ, Macae, RJ, Brazil","Esteves, Francisco A.",AIK,,
6539,2,2015,"Michigan State Univ, Dept Plant Biol, Hickory Corners, MI 49060 USA;","Schultheis, Elizabeth H.",AIK,,
3452,1,2009,"Royal Holloway Univ London, Sch Biol Sci, Egham TW20 0EX, Surrey, England","Jones, Tara",AIK,,
3769,1,2008,"Duke Univ, Levine Sci Res Ctr, Nicholas Sch Environm & Earth Sci, Durham, NC 27708 USA","Li, Jianwei",AIK,,
242,1,2016,"Univ Colorado, Dept Ecol & Evolutionary Biol, UCB 334,Ramaley Hall, Boulder, CO 80309 USA","Shoemaker, Lauren G.",AIK,,
2785,1,2011,"Univ Oslo, Dept Biol, Ctr Ecol & Evolutionary Synth, NO-0316 Oslo, Norway;","Linden, Andreas",AIK,,
6657,1,2015,"Univ Miami, Rosenstiel Sch Marine & Atmospher Sci, Dept Marine Biol & Ecol, Miami, FL 33149 USA;","Capo, T. R.",AIK,,
6622,1,2015,"Univ Calif San Diego, Div Biol Sci, Sect Ecol Behav & Evolut, La Jolla, CA 92093 USA","Holway, David A.",AIK,,
1367,1,2013,"Arizona State Univ, Sch Life Sci, Tempe, AZ 85287 USA;","Sala, Osvaldo E.",AIK,,
1124,3,2013,"Leibniz Ctr Agr Landscape Res ZALF, D-15374 Muncheberg, Germany;","Premke, Katrin",AIK,,
2630,1,2012,"Utah State Univ, Dept Biol, Logan, UT 84322 USA;","Ernest, S. K. Morgan",AIK,,
6994,2,2014,"Yunnan Univ Finance & Econ, Stat & Math Coll, Kunming 650221, Yunnan, Peoples R China;","Dunn, Derek W.",AIK,,
3754,2,2008,"Univ Calif, Sierra Nevada Aquat Res Lab, Mammoth Lakes, CA 93546 USA","Knapp, Roland A.",AIK,,
2749,5,2011,"Canc Care Ontario, Toronto, ON M5G 2L7, Canada;","Brown, Patrick E.",AIK,,
2766,1,2011,"Univ Plymouth, Marine Biol & Ecol Res Ctr, Sch Marine Sci & Engn, Plymouth PL4 8AA, Devon, England","Verberk, Wilco C. E. P.",AIK,,
80,6,2017,"Tata Inst Fundamental Res, Natl Ctr Biol Sci, GKVK Campus,Bellary Rd, Bangalore 560065, Karnataka, India;","Sankaran, Mahesh",AIK,,
2940,1,2010,"Univ Maryland, Ctr Environm Sci, Appalachian Lab, Frostburg, MD 21532 USA;","Fitzpatrick, Matthew C.",AIK,,
433,4,2016,"Smithsonian Conservat Biol Inst, Front Royal, VA 22630 USA","Forrester, Tavis D.",AIK,,
2761,14,2011,"CIPAV, Ctr Invest & Sistemas Sostenibles Producc Agropec, Cali, Colombia;","Chara, Julian",AIK,,
1245,1,2013,"Univ Calif Davis, Ctr Populat Biol, Davis, CA 95616 USA;","Young, Truman P.",AIK,,
1397,1,2013,"Natl Inst Water & Atmospher Res NIWA, Hamilton 3251, New Zealand;","Townsend, Michael",AIK,,
2533,1,2012,"SUNY Stony Brook, Sch Marine & Atmospher Sci, Southampton, NY 11968 USA;","Furman, Bradley T.",AIK,,
470,3,2015,"Univ Hawaii Manoa, Dept Oceanog, Honolulu, HI 96822 USA;","Neuheimer, A. B.",AIK,,
6799,1,2014,"Illinois State Univ, Sch Biol Sci, Behav Ecol Evolut & Systemat Sect, Normal, IL 61790 USA;","Thompson, Charles F.",AIK,,
3231,2,2010,"NOAA, Natl Marine Mammal Lab, Alaska Fisheries Sci Ctr, Natl Marine Fisheries Serv, Seattle, WA 98115 USA","Hoef, Jay M. Ver",AIK,,
2964,9,2010,"Univ Nacl Cordoba, Fac Ciencias Exactas Fis & Nat, RA-5000 Cordoba, Argentina;","Diaz, Sandra",AIK,,
3693,1,2008,"Univ Barcelona, Fac Biol, Dept Ecol, E-08028 Barcelona, Spain;","Zabala, Mikel",AIK,,
3434,3,2009,"Louisiana State Univ, Dept Biol Sci, Baton Rouge, LA 70803 USA;","Galvan, Kari A.",AIK,,
2936,2,2011,"Univ Laval, Dept Biol, Quebec City, PQ G1V 0A6, Canada;","Fortin, Daniel",AIK,,
1430,1,2012,"N Carolina State Univ, Dept Biol, David Clark Labs, Raleigh, NC 27695 USA;","Hirsch, Christopher",AIK,,
3097,3,2010,"N Carolina State Univ, US Geol Survey, N Carolina Cooperat Fish & Wildlife Res Unit, Dept Biol, Raleigh, NC 27695 USA","Simons, Theodore R.",AIK,,
2631,1,2012,"Univ Cambridge, Dept Plant Sci, Cambridge CB2 3EA, England;","Coomes, David A.",AIK,,
6765,1,2015,"Univ Canterbury, Sch Biol Sci, Christchurch 8140, New Zealand;","Peralta, Guadalupe",AIK,,
2507,2,2012,"Harvard Univ, Dept Human Evolutionary Biol, Cambridge, MA 02138 USA;","Cooper, Natalie",AIK,,
407,2,2016,"Brown Univ, Dept Ecol & Evolutionary Biol, Providence, RI 02912 USA","Crotty, Sinead M.",AIK,,
2526,2,2012,"Elms Coll, Dept Nat Sci Math & Technol, Chicopee, MA 01013 USA;","Theis, Nina",AIK,,
3871,3,2008,"Natl Ctr Ecol Anal & Synth, Santa Barbara, CA 93101 USA","Cadotte, Marc W.",AIK,,
1342,1,2013,"Stanford Univ, Dept Biol, Stanford, CA 94305 USA;","Young, Hillary S.",AIK,,
1356,1,2013,"Dalhousie Univ, Dept Biol, Halifax, NS B3H 4R2, Canada;","Rollinson, Njal",AIK,,
3506,3,2009,"Samford Univ, Dept Biol, Birmingham, AL 35229 USA","Gentry, Grant L.",AIK,,
4023,13,2008,"Univ Calif Santa Barbara, Donald Bren Environm Sci & Management, Santa Barbara, CA 93106 USA;","Kendall, Bruce E.",AIK,,
1194,4,2013,"CSIRO Wealth Oceans Flagship, Floreat Pk, Australia","Dunstan, Piers K.",AIK,,
1309,1,2013,"Univ Minnesota, Dept Ecol Evolut & Behav, St Paul, MN 55108 USA;","Tilman, David",AIK,,
1196,3,2013,"Univ Technol Sydney, Sch Environm, Sydney, NSW 2007, Australia","Gribben, Paul E.",AIK,,
1472,1,2012,"Univ Ulster, Environm Sci Res Inst, Coleraine BT52 1SA, Londonderry, North Ireland;","Fornara, Dario A.",AIK,,
3031,2,2010,"Univ Sheffield, Dept Anim & Plant Sci, Sheffield S10 2TN, S Yorkshire, England;","Rose, Karen E.",AIK,,
3693,2,2008,"Consejo Super Invest Cient, Ctr Estudis Avancats Blanes, Blanes 17300, Spain","Sala, Enric",AIK,,
6542,1,2015,"Virginia Commonwealth Univ, Dept Biol, Richmond, VA 23284 USA;","Gough, Christopher M.",AIK,,
1216,6,2013,"Arizona State Univ, Sch Life Sci, Tempe, AZ 85287 USA;","Gherardi, Laureano A.",AIK,,
2693,1,2012,"Tech Univ Munich, Lehrstuhl Grunlandlehre, D-85350 Freising Weihenstephan, Germany;","Lattanzi, Fernando Alfredo",AIK,,
6581,1,2015,"Univ Laval, Dept Biol, Quebec City, PQ 1045, Canada;","Merkle, Jerod A.",AIK,,
1083,2,2014,"CSIC, Estn Biol Donana EBD, Dept Conservat Biol, Seville 41092, Spain","Fedriani, Jose M.",AIK,,
347,1,2016,"Univ Politecn Valencia, IAM, Cami de Vera 14, E-46022 Valencia, Spain;","Garcia-Mari, Ferran",AIK,,
6956,1,2014,"Univ Colorado, Dept Ecol & Evolutionary Biol, Boulder, CO 80309 USA;","Trowbridge, Amy M.",AIK,,
3673,1,2009,"Queensland Univ Technol, Sch Math Sci, Brisbane, Qld 4001, Australia","Mengersen, Kerrie",AIK,,
3753,1,2008,"Univ Calif Berkeley, Dept Environm Sci Policy & Management, Berkeley, CA 94720 USA;","Palsboll, Per J.",AIK,,
4032,3,2008,"Univ Rey Juan Carlos, Area Biodiversidad & Conservac, E-28933 Madrid, Spain","Pias, Beatriz",AIK,,
201,2,2016,"Uppsala Univ, Dept Ecol & Genet, Limnol & Sci Life Lab, Uppsala, Sweden","Langenheder, Silke",AIK,,
3003,2,2010,"Univ Montana, Coll Forestry & Conservat, Wildlife Biol Program, Missoula, MT 59812 USA","Crone, Elizabeth E.",AIK,,
94,1,2017,"Colorado State Univ, Dept Fish Wildlife & Conservat Biol, 1474 Campus Delivery, Ft Collins, CO 80523 USA;","Brost, Brian M.",AIK,,
6756,3,2015,"Univ Minnesota, Dept Ecol Evolut & Behav, St Paul, MN 55108 USA;","Cowles, Jane M.",AIK,,
128,2,2016,"Royal Bot Gardens & Domain Trust, Australian Bot Garden Mt Annan, Australian PlantBank, Sydney, NSW 2587, Australia;","Offord, Cathy A.",AIK,,
2795,1,2011,"Univ Connecticut, Dept Ecol & Evolutionary Biol, Storrs, CT 06269 USA;","Silander, John A., Jr.",AIK,,
2798,1,2011,"Univ Calif Santa Barbara, Earth Res Inst, Santa Barbara, CA 93106 USA;","Watson, J. R.",AIK,,
1100,1,2014,"Univ Calif Santa Cruz, Dept Environm Studies, Santa Cruz, CA 95064 USA","Selmants, Paul C.",AIK,,
6529,4,2015,"James Cook Univ, Ctr Excellence Coral Reef Studies, Australian Res Council, Townsville, Qld 4811, Australia","Lamb, Joleah B.",AIK,,
324,2,2016,"Univ Witwatersrand, Sch Anim Plant & Environm Sci, Private Bag X3, ZA-2050 Johannesburg, South Africa;","Parr, C. L.",AIK,,
2662,2,2012,"Univ Otago, Dept Chem, Dunedin 9054, New Zealand;","Frew, R. D.",AIK,,
3434,2,2009,"Univ Witwatersrand, Sch Anim Plant & Environm Sci, ZA-2050 Wits, South Africa;","Drake, D. C.",AIK,,
6584,1,2015,"Univ Gottingen, Dept Ecosyst Modelling, D-37077 Gottingen, Germany;","Punchi-Manage, Ruwan",AIK,,
3011,2,2010,"Oregon State Univ, Dept Fisheries & Wildlife, Corvallis, OR 97331 USA;","Heppell, Selina S.",AIK,,
2524,1,2012,"UCL, Dept Genet Evolut & Environm, London WC1E 6BT, England;","Murrell, David J.",AIK,,
63,1,2017,"CSIRO Oceans & Atmosphere, Dutton Pk, St Lucia, Qld 4102, Australia;","Doropoulos, Christopher",AIK,,
416,1,2016,"Indiana Univ, Dept Biol, Bloomington, IN 47405 USA;","Hite, Jessica L.",AIK,,
269,1,2016,"Utah State Univ, Dept Wildland Resources, Logan, UT 84322 USA;","Grenzer, Josephine",AIK,,
33,1,2017,"Univ Calif Santa Cruz, Dept Ecol & Evolutionary Biol, 1156 High St, Santa Cruz, CA 95064 USA;","Cheng, Tina L.",AIK,,
4026,2,2008,"Univ Arizona, Dept Ecol & Evolutionary Biol, Tucson, AZ 85721 USA;","Breshears, David D.",AIK,,
1099,4,2014,"INRA, UR BIOGER, F-78850 Thiverval Grignon, France;","Papaix, Julien",AIK,,
222,1,2016,"McGill Univ, Dept Biol, Montreal, PQ H3G 0B1, Canada;","Rayfield, Bronwyn",AIK,,
1403,1,2013,"Univ Tartu, Inst Ecol & Earth Sci, Dept Zool, EE-51014 Tartu, Estonia","Teder, Tiit",AIK,,
2953,1,2010,"Univ Florida, Dept Zool, Gainesville, FL 32611 USA;","O'Donnell, James L.",AIK,,
4023,4,2008,"Univ Florida, Dept Wildlife Ecol & Conservat, Gainesville, FL 32611 USA;","Bruna, Emilio M.",AIK,,
6702,4,2015,"UFZ Helmholtz Ctr Environm Res, Dept Community Ecol, D-06120 Halle, Germany;","Manceur, Ameur M.",AIK,,
6747,2,2015,"Ctr ValBio, Ifanadiana 312, Madagascar","Razafindratsima, Onja H.",AIK,,
6983,2,2014,"Natl Inst Environm Studies, Tsukuba, Ibaraki 3058506, Japan","Uchida, Masao",AIK,,
2985,1,2010,"Inst Ecol Sci, Dept Syst Ecol, NL-1081 HV Amsterdam, Netherlands;","Witte, Jan-Philip M.",AIK,,
6716,2,2015,"Univ Georgia, Warnell Sch Forestry & Nat Resources, Athens, GA 30602 USA;","Chandler, Richard B.",AIK,,
227,2,2016,"Univ Alabama, Dept Biol Sci, Tuscaloosa, AL 35487 USA","Staudhammer, C. L.",AIK,,
481,2,2015,"Illinois Nat Hist Survey, Champaign, IL 61820 USA;","Pearse, I. S.",AIK,,
3451,1,2009,"Univ Maryland, Dept Biol, College Pk, MD 20742 USA;","Fenster, Charles B.",AIK,,
3150,2,2010,"Biodivers & Climate Res Ctr LOEWE BiK F, D-60325 Frankfurt, Germany;","Scheiter, Simon",AIK,,
6991,1,2014,"Univ Colorado, Dept Ecol & Evolutionary Biol, Boulder, CO 80309 USA;","Beals, Stower C.",AIK,,
2922,1,2011,"Colorado State Univ, Nat Resource Ecol Lab, Ft Collins, CO 80523 USA;","Hobbs, N. Thompson",AIK,,
1252,2,2013,"Leibniz Inst Freshwater Ecol & Inland Fisheries, Dept Limnol Stratified Lakes, D-16775 Neuglobsow, Germany;","Cornut, Julien",AIK,,
2870,1,2011,"Univ Missouri, Dept Biol, St Louis, MO 63121 USA","Barber, Nicholas A.",AIK,,
3963,2,2008,"Inst Ecosyst Studies, Millbrook, NY 12545 USA","Ostfeld, Richard S.",AIK,,
1207,1,2013,"Univ Gottingen, Dept Crop Sci, D-37077 Gottingen, Germany;","Fruend, Jochen",CCC,,
3511,7,2009,"Univ Toronto, Div Life Sci, Scarborough, ON M1C 1A4, Canada;","Williams, D. Dudley",CCC,,
3923,2,2008,"Inst Natl Rech Informat & Automat, F-78153 Le Chesnay, France","Doligez, Damien",CCC,,
1033,2,2014,"Org Trop Studies, San Pedro, Costa Rica;","Sasa-Marin, Mahmood",CCC,,
6650,1,2015,"Stroud Water Res Ctr, Avondale, PA 19311 USA;","Albertson, L. K.",CCC,,
3536,1,2009,"Univ Kentucky, Dept Biol, Lexington, KY 40506 USA; Univ Kentucky, Ctr Ecol Evolut & Behav, Lexington, KY 40506 USA","Westneat, David F. Univ Kentucky, Ctr Ecol Evolut & Behav, Lexington, KY 40506 USA",CCC,,
3971,1,2008,"Univ Bern, Inst Plant Sci, CH-3013 Bern, Switzerland;","Tinner, Willy",CCC,,
3629,1,2009,"Univ N Carolina, Curriculum Ecol, Chapel Hill, NC 27599 USA;","O'Connor, Mary I.",CCC,,
1342,1,2013,"Stanford Univ, Dept Biol, Stanford, CA 94305 USA;","Hutson, Michael S.",CCC,,
1395,1,2013,"Cary Inst Ecosyst Studies, Millbrook, NY 12545 USA","Findlay, S.",CCC,,
1416,4,2012,"Univ Pablo de Olavide, Dept Phys Chem & Nat Syst, E-41092 Seville, Spain","Carrete, M.",CCC,,
2560,2,2012,"Univ Georgia, Odum Sch Ecol, Athens, GA 30602 USA;","Byers, James E.",CCC,,
3858,1,2008,"Univ Calif Davis, Dept Plant Sci, Davis, CA 95616 USA;","Huntzinger, Mikaela",CCC,,
143,5,2016,"Calif State Univ Fullerton, Dept Biol Sci MH 282, POB 6850, Fullerton, CA 92834 USA;","Zacherl, Danielle C.",CCC,,
4070,1,2007,"Univ Basel, Inst Bot, CH-4056 Basel, Switzerland;","Niklaus, P. A.",CCC,,
1032,1,2014,"Swedish Univ Agr Sci, Dept Forest Ecol & Management, S-90183 Umea, Sweden","Wardle, David A.",CCC,,
1468,1,2012,"Washington State Univ, Dept Entomol, Pullman, WA 99164 USA;","Crowder, David W.",CCC,,
3422,1,2009,"Illinois State Univ, Sch Biol Sci, Behav Ecol Evolut & Systemat Sect, Normal, IL 61761 USA;","Leisnham, P. T.",CCC,,
2956,2,2010,"James Cook Univ, Sch Marine & Trop Biol, Townsville, Qld 4811, Australia","Connolly, Sean R.",CCC,,
3428,5,2009,"Stanford Univ, Dept Anthropol, Stanford, CA 94305 USA;","Ryan, Sadie J.",CCC,,
3576,1,2009,"Montana State Univ, Dept Ecol, Bozeman, MT 59717 USA;","Proffitt, Kelly M.",CCC,,
3801,2,2008,"Univ Lausanne, Dept Ecol & Evolut, CH-1015 Lausanne, Switzerland;","Devevey, Godefroy",CCC,,
2916,1,2011,"Stanford Univ, Dept Biol, Stanford, CA 94305 USA","Gordon, Deborah M.",CCC,,
6695,2,2015,"Griffith Univ, Australian Rivers Inst, Nathan, Qld 4111, Australia;","Kennard, Mark J.",CCC,,
3719,2,2008,"Rocky Mt Biol Labs, Crested Butte, CO 81224 USA;","Irwin, Rebecca E.",CCC,,
6695,1,2015,"Northern Australia Hub, Dept Environm, Natl Environm Res Program, Canberra, ACT 2601, Australia;","Douglas, Michael M.",CCC,,
6669,2,2015,"Univ Arizona, Dept Ecol & Evolutionary Biol, Tucson, AZ 85721 USA;","Enquist, Brian J.",CCC,,
3078,1,2010,"Univ Helsinki, Metapopulat Res Grp, Dept Biosci, FI-00014 Helsinki, Finland","Tack, Ayco J. M.",CCC,,
266,1,2016,"Indiana Univ, Dept Biol, Bloomington, IN 47405 USA;","Lennon, Jay T.",CCC,,
1206,4,2013,"New Mexico State Univ, Jornada Basin Long Term Ecol Res Program, Las Cruces, NM 88003 USA;","Herrick, Jeffrey E.",CCC,,
6841,2,2014,"Univ Toronto, Dept Biol, Mississauga, ON L5L 1C6, Canada","Johnson, Marc T. J.",CCC,,
6820,1,2014,"Penn State Univ, Dept Biol, University Pk, PA 16802 USA;","Shea, Katriona",CCC,,
6746,3,2015,"Princeton Univ, Dept Ecol & Evolutionary Biol, Princeton, NJ 08544 USA;","Yackulic, Charles B.",CCC,,
323,2,2016,"Carleton Univ, Ottawa Carleton Inst Biol, 1125 Colonel By Dr, Ottawa, ON K1S 5B6, Canada","Duong, Tammy M.",CCC,,
2678,1,2012,"US Geol Survey, Leetown Sci Ctr, Aquat Ecol Branch, Kearneysville, WV 25430 USA","Snyder, Craig D.",CCC,,
1018,1,2014,"Duke Univ, Nicholas Sch Environm, Durham, NC 27708 USA;","Zhu, Kai",CCC,,
2803,1,2011,"Univ Virginia, Dept Biol, Charlottesville, VA 22904 USA;","Grayson, Kristine L.",CCC,,
6767,2,2015,"Swedish Univ Agr Sci, Dept Ecol, SE-75007 Uppsala, Sweden","Moritz, Kim K.",CCC,,
157,1,2016,"Univ Missouri, Dept Biol, One Univ Blvd, St Louis, MO 63121 USA;","Marquis, Robert J.",CCC,,
415,1,2016,"Univ Calif Davis, Dept Evolut & Ecol, One Shields Ave, Davis, CA 95616 USA;","Zhang, Wenbo",CCC,,
58,49,2017,"TiHo Hannover, Inst Anim Ecol & Cell Biol, Bunteweg 17d, D-30559 Hannover, Germany;","Paknia, Omid",CCC,,
380,2,2016,"Univ So Calif, Sch Architecture, Los Angeles, CA 90089 USA;","Longcore, Travis",CCC,,
2920,2,2011,"Utah State Univ, Ctr Ecol, Logan, UT 84322 USA;","Koons, David N.",CCC,,
226,7,2016,"Univ Washington, Coll Environm, Seattle, WA 98195 USA;","Tewksbury, Joshua J.",CCC,,
162,1,2016,"Univ Pittsburgh, Dept Biol Sci, A234 Langley Hall,4249 Fifth Ave, Pittsburgh, PA 15260 USA;","Pruitt, Jonathan N.",CCC,,
2880,3,2011,"US Forest Serv, USDA, Pacific SW Res Stn, Redding, CA 96002 USA;","Skinner, Carl N.",CCC,,
2591,1,2012,"Univ Melbourne, Dept Zool, Parkville, Vic 3010, Australia","Sams, Michael A.",CCC,,
3820,2,2008,"CSIC UV, CIDE Ctr Invest Desertificac, Valencia 46470, Spain","Verdu, Miguel",CCC,,
2715,1,2011,"Univ Cape Town, Dept Bot, ZA-7701 Rondebosch, South Africa;","Moncrieff, Glenn R.",CCC,,
2528,2,2012,"Univ Missouri, Div Biol Sci, Columbia, MO 65211 USA","Galen, Candace",CCC,,
2845,1,2011,"Univ Toronto, Dept Ecol & Evolutionary Biol, Toronto, ON M5S 3G5, Canada;","Fortin, Marie-Josee",CCC,,
195,2,2016,"Univ Florida, Dept Biol, Gainesville, FL 32611 USA;","Palmer, Todd M.",CCC,,
3192,2,2010,"Univ Paris 06, Lab Fonctionnement & Evolut Syst Ecol, F-75005 Paris, France;","Clobert, J.",CCC,,
3102,1,2010,"Univ Florida, Dept Biol, Gainesville, FL 32611 USA;","Jankowski, Jill E.",CCC,,
432,1,2016,"Norwegian Univ Sci & Technol, Ctr Biodivers Dynam, NO-7491 Trondheim, Norway;","Hansen, Brage Bremset",CCC,,
1105,3,2014,"Sydney Inst Marine Sci, Sydney, NSW 2088, Australia;","Verges, Adriana",CCC,,
6726,2,2015,"Univ Tasmania, Inst Marine & Antarctic Studies, Hobart, Tas 7001, Australia;","Bestley, Sophie",CCC,,
359,3,2016,"Univ Zurich, Univ Res Prior Program Global Change & Biodivers, Winterthurstr 190, CH-8057 Zurich, Switzerland;","Schmid, Bernhard",CCC,,
1488,16,2012,"Western Washington Univ, Dept Biol, Bellingham, WA 98225 USA;","Hooper, D. U.",CCC,,
3925,1,2008,"Montana State Univ, Dept Ecol, Bozeman, MT 59717 USA;","Cross, Paul",CCC,,
2676,1,2012,"Univ Montana, Dept Biol HS 104, Missoula, MT 59812 USA;","Callaway, Ragan M.",CCC,,
6736,6,2015,"Royal Belgian Inst Nat Sci, B-1000 Brussels, Belgium;","Dekoninck, Wouter",CCC,,
250,3,2016,"Karlsruhe Inst Technol, Inst Meteorol & Climate Res, Atmospher Environm Res, D-82467 Garmisch Partenkirchen, Germany;","Hantson, Stijn",CCC,,
1254,1,2013,"Michigan State Univ, Kellogg Biol Stn, Hickory Corners, MI 49060 USA;","Klausmeier, Christopher A.",CCC,,
293,2,2016,"Holden Arboretum, Kirtland, OH 44094 USA;","Burke, David J.",CCC,,
3427,1,2009,"Montana State Univ, Dept Ecol, Bozeman, MT 59717 USA","Christianson, David",CCC,,
7,3,2017,"Univ Rochelle Villiers Bois, Ctr Natl Rech Sci, Ctr dEtudes Biol Chiz, UMR 7372, FR-79360 Bois Guillaume, France;","Jenouvrier, Stephanie",CCC,,
6942,5,2014,"Univ Otago, Dept Marine Sci, Dunedin 9054, New Zealand;","Savage, Candida",CCC,,
6561,4,2015,"Michigan State Univ, Dept Plant Biol, E Lansing, MI 48824 USA;","Swenson, Nathan G.",CCC,,
6759,1,2015,"Univ Minnesota, Dept Plant Pathol, St Paul, MN 55108 USA","Bradeen, James M.",CCC,,
57,2,2017,"Univ Calif Santa Barbara, Western Ecol Res Ctr, US Geol Survey Marine Sci Inst, Santa Barbara, CA 93106 USA;","Lafferty, Kevin D.",CCC,,
2926,3,2011,"Univ Minnesota, Natl Ctr Earth Surface Dynam, Minneapolis, MN 55414 USA;","Power, Mary E.",CCC,,
2779,1,2011,"Univ Alberta, Dept Biol Sci, Edmonton, AB T6G 2E9, Canada;","Derocher, Andrew E.",CCC,,
2766,1,2011,"Univ Plymouth, Marine Biol & Ecol Res Ctr, Sch Marine Sci & Engn, Plymouth PL4 8AA, Devon, England","Calosi, Piero",CCC,,
1365,1,2013,"Harvard Univ, Harvard Forest, Petersham, MA 01366 USA;","Plotkin, Audrey Barker",CCC,,
6710,1,2015,"Edith Cowan Univ, Sch Nat Sci, Joondalup, WA 6027, Australia;","de Bettignies, Thibaut",CCC,,
1367,2,2013,"New Mexico State Univ, Jornada Basin Long Term Ecol Res Program, Las Cruces, NM 88003 USA;","Peters, Debra P. C.",CCC,,
3285,2,2010,"Rocky Mt Biol Labs, Crested Butte, CO 81224 USA;","Wissinger, Scott A.",CCC,,
6875,2,2014,"SUNY Coll Oswego, Dept Biol Sci, Oswego, NY 13126 USA;","Laundre, John W.",CCC,,
6965,2,2014,"Penn State Univ, Dept Biol, University Pk, PA 16802 USA;","Wodzinski, Laura A.",CCC,,
3396,1,2009,"Peking Univ, Dept Ecol, Beijing 100871, Peoples R China;","Flynn, Dan F. B.",CCC,,
3362,1,2009,"Univ Toronto, Dept Ecol & Evolutionary Biol, Toronto, ON M5S 3B2, Canada;","Samis, Karen E.",CCC,,
4020,3,2008,"Marine Biol Lab, Ctr Ecosyst, Woods Hole, MA 02543 USA;","Mohan, Jacqueline E.",CCC,,
6747,1,2015,"Rice Univ, Dept Biosci, Houston, TX 77005 USA;","Dunham, Amy E.",CCC,,
6782,2,2014,"Univ Virginia, Dept Environm Sci, Charlottesville, VA 22903 USA","McGlathery, Karen J.",CCC,,
3371,2,2009,"Kyoto Univ, Ctr Ecol Res, Otsu, Shiga 5202113, Japan;","Kishida, Osamu",CCC,,
354,2,2016,"Univ Fribourg, Dept Biol Ecol & Evolut, Chemin Musee 10, CH-1700 Fribourg, Switzerland;","Rohr, Rudolf P.",CCC,,
252,1,2016,"Rutgers State Univ, Dept Marine & Coastal Sci, New Brunswick, NJ 08901 USA;","Brown, Michael S.",CCC,,
365,5,2016,"CERFE, Ctr Rech & Format Ecoethol, F-08240 Boult Aux Bois, France","Brison, Anne-Lise",CCC,,
325,6,2016,"Univ Witwatersrand, Dept Anim Plant & Environm Sci, ZA-2000 Johannesburg, South Africa;","Parr, Catherine L.",CCC,,
6524,6,2015,"Murdoch Univ, Sch Vet & Life Sci, Cetacean Res Unit, Murdoch, WA 6150, Australia;","Christiansen, Fredrik",CCC,,
152,5,2016,"Oregon State Univ, Dept Integrat Biol, Corvallis, OR 97331 USA;","Lubchenco, Jane",CCC,,
3872,5,2008,"Univ Libre Bruxelles, Serv Chim Phys & Biol Theor, B-1050 Brussels, Belgium;","Lejeune, Olivier",CCC,,
4061,1,2007,"Macquarie Univ, Dept Biol Sci, Sydney, NSW 2109, Australia;","Banks, Sam C.",CCC,,
3723,3,2008,"Bangor Univ, Sch Ocean Sci, Ynys Mon LL59 K5AB, North Wales, Wales;","Hawkins, Stephen J.",CCC,,
3148,5,2010,"Univ Autonoma Agr Antonio Narro, Dept Forestal, Saltillo, Coahuila, Mexico","Cornejo-Oviedo, Eladio",CCC,,
3996,1,2008,"Boston Univ, Dept Biol, Boston, MA 02215 USA","Miller-Rushing, Abraham J.",CCC,,
1202,1,2013,"Univ Tartu, Inst Ecol & Earth Sci, EE-51005 Tartu, Estonia","Ronk, Argo",CCC,,
2510,1,2012,"SUNY Stony Brook, Dept Ecol & Evolut, Stony Brook, NY 11784 USA;","Graham, Catherine H.",CCC,,
3178,1,2010,"Univ N Carolina, Dept Biol, Greensboro, NC 27402 USA;","Faeth, Stanley H.",CCC,,
3195,3,2010,"Syracuse Univ, Dept Biol, Syracuse, NY 13244 USA;","Eby, Stephanie",JPD,,
152,3,2016,"Univ Calif Los Angeles, Inst Environm & Sustainabil, Los Angeles, CA 90095 USA;","Kareiva, Peter",JPD,,
3726,1,2008,"Univ Leeds, Inst Integrat & Comparat Biol, Leeds LS2 9JT, W Yorkshire, England;","Ward, J. R.",JPD,,
315,1,2016,"Appalachian State Univ, Dept Biol, Boone, NC 28608 USA;","Thomas, Michael J.",JPD,,
2870,1,2011,"Univ Missouri, Dept Biol, St Louis, MO 63121 USA","Marquis, Robert J.",JPD,,
261,2,2016,"Duke Univ, Dept Stat Sci, Durham, NC 27709 USA","Clark, James S.",JPD,,
3028,1,2010,"Uppsala Univ, Dept Plant Ecol, Evolutionary Biol Ctr, SE-75236 Uppsala, Sweden;","Granath, Gustaf",JPD,,
6619,1,2015,"Kansas State Univ, Div Biol, Manhattan, KS 66506 USA","Joern, Anthony",JPD,,
3507,1,2009,"Georgia Inst Technol, Sch Biol, Atlanta, GA 30332 USA;","Duffy, Meghan A.",JPD,,
1184,1,2013,"Univ Granada, Dept Ecol, E-18071 Granada, Spain;","Garcia, Yedra",JPD,,
1439,3,2012,"Swiss Fed Inst Forest Snow & Landscape Res WSL, CH-8903 Birmensdorf, Switzerland","von Felten, Stefanie",JPD,,
6870,2,2014,"N Carolina State Univ, Dept Biol Sci, Raleigh, NC 27695 USA;","Dunn, Robert R.",JPD,,
3690,1,2008,"Univ Wurzburg, Dept Anim Ecol & Trop Biol, Biozentrum, D-97074 Wurzburg, Germany;","Menzel, Florian",JPD,,
6656,1,2015,"Univ Cape Town, Dept Biol Sci, ZA-7701 Rondebosch, South Africa;","Hoffmann, Vera",JPD,,
3474,1,2009,"Univ Nacl Cordoba, Ctr Zool Aplicada, RA-5000 Cordoba, Argentina","Bucher, Enrique H.",JPD,,
2847,2,2011,"Fairchild Trop Bot Garden, Coral Gables, FL 33156 USA;","Feeley, Kenneth J.",JPD,,
368,2,2016,"Umea Univ, Dept Forest Genet & Plant Physiol, SE-90185 Umea, Sweden;","Nasholm, Torgny",JPD,,
2902,3,2011,"Univ Illinois, Dept Entomol, Urbana, IL 61801 USA;","Suarez, Andrew V.",JPD,,
1085,1,2014,"Univ Helsinki, Kilpisjarvi Biol Stn, FI-99490 Kilpisjarvi, Finland;","Hayden, Brian",JPD,,
3269,1,2010,"Victoria Univ Wellington, Sch Biol Sci, Wellington, New Zealand;","Burns, K. C.",JPD,,
1116,1,2013,"Hokkaido Univ, Fac Environm Sci, Kita Ku, Sapporo, Hokkaido 0600810, Japan;","Fukaya, Keiichi",JPD,,
6612,3,2015,"Aarhus Univ, Dept Biosci, DK-8000 Aarhus C, Denmark","Ordonez, Alejandro",JPD,,
3016,2,2010,"Inst Marine Res, N-4817 Fiodevigen, His, Norway;","Stenseth, Nils Chr",JPD,,
3930,1,2008,"Utah State Univ, Dept Biol, Logan, UT 84322 USA;","White, Ethan P.",JPD,,
3377,1,2009,"Dalhousie Univ, Dept Biol, Halifax, NS B3H 4J1, Canada;","Leonard, Marty L.",JPD,,
3779,4,2008,"Rutgers State Univ, Dept Ecol Evolut & Nat Resources, New Brunswick, NJ 08901 USA","Lockwood, Julie L.",JPD,,
6640,3,2015,"USDA, Forest Serv, No Res Stn, Grand Rapids, MN 55744 USA;","Eggert, Susan L.",JPD,,
2550,2,2012,"Microsoft Res, Computat Ecol & Environm Sci Grp, Cambridge CB3 0FB, England;","Turnbull, Lindsay A.",JPD,,
1336,1,2013,"Univ Quebec, Dept Sci Biol, Canada Res Chair Spatial Modelling & Biodivers, Montreal, PQ H3C 3P8, Canada;","Henriques-Silva, Renato",JPD,,
2968,3,2010,"Univ Missouri, Dept Biol, St Louis, MO 63121 USA","Amoretti, Diego Salazar",JPD,,
3852,7,2008,"Louisiana State Univ, Dept Biol Sci, Baton Rouge, LA 70803 USA;","Harms, K. E.",JPD,,
1406,4,2013,"Univ Sherbrooke, Dept Biol, Sherbrooke, PQ J1K 2R1, Canada;","Festa-Bianchet, Marco",JPD,,
1171,1,2013,"Ctr Ecol Fonct & Evolut, UMR 5175, F-34293 Montpellier 5, France;","Choquet, Remi",JPD,,
3371,2,2009,"Kyoto Univ, Ctr Ecol Res, Otsu, Shiga 5202113, Japan;","Ohgushi, Takayuki",JPD,,
1298,2,2013,"Aarhus Univ, Dept Biosci, DK-8410 Ronde, Denmark;","Ejrnaes, Rasmus",JPD,,
325,5,2016,"Univ Liverpool, Sch Environm Sci, Liverpool L69 3GP, Merseyside, England;","Parr, Catherine L.",JPD,,
2852,2,2011,"Inst Nacl de Pesquisas da Amazonia, Biol Dynam Forest Fragments Project, BR-69011970 Manaus, Amazonas, Brazil;","da Silva, Mariana T. B.",JPD,,
1327,5,2013,"USGS Patuxent Wildlife Res Ctr, Beltsville, MD 20708 USA","O'Connell, Allan F.",JPD,,
3327,1,2009,"Utah State Univ, Dept Wildland Resources, Logan, UT 84322 USA;","Adler, Peter B.",JPD,,
470,1,2015,"Tech Univ Denmark, Natl Inst Aquat Resources, Ctr Ocean Life, Charlottenlund Slot, DK-2920 Charlottenlund, Denmark;","Olsson, K. H.",JPD,,
6631,2,2015,"USGS Patuxent Wildlife Res Ctr, Laurel, MD 20708 USA","Chandler, Richard B.",JPD,,
1053,1,2014,"CNRS, Ctr Ecol Fonct & Evolut, UMR 5175, F-34293 Montpellier 5, France;","Chollet, Simon",JPD,,
236,4,2016,"Mendel Univ Brno, Fac Forestry & Wood Technol, Dept Forest Bot Dendrol & Geobiocoenol, Zemedelska 3, Brno 61300, Czech Republic;","Stejskal, Robert",JPD,,
2771,1,2011,"Smithsonian Trop Res Inst, Balboa, Panama;","Garcia, Milton N.",JPD,,
344,2,2016,"Univ Calif Berkeley, Dept Plant & Microbial Biol, Berkeley, CA 94720 USA;","Nuccio, Erin E.",JPD,,
1442,1,2012,"US Forest Serv, Pacific SW Res Stn, USDA, Albany, CA 94710 USA;","Hayes, Jane L.",JPD,,
6564,2,2015,"E Carolina Univ, Dept Biol, Greenville, NC 27858 USA;","McCoy, Michael W.",JPD,,
1258,1,2013,"US Forest Serv, No Res Stn, Morgantown, WV 26505 USA;","Liebhold, Andrew M.",JPD,,
3177,3,2010,"Univ Florida, Ctr Latin Amer Studies, Gainesville, FL 32611 USA;","Bruna, Emilio M.",JPD,,
1200,2,2013,"Univ Amsterdam, Aquat Microbiol Inst Biodivers & Ecosyst Dynam, Amsterdam, Netherlands","Vermeij, Mark J. A.",JPD,,
3909,1,2008,"Univ Munich, Dept Biol 2, D-82152 Planegg Martinsried, Germany;","Matauschek, Christian",JPD,,
2796,2,2011,"Thule Inst, Oulanka Res Stn, Kuusamo 93999, Finland;","Jakalaniemi, Anne",JPD,,
168,2,2016,"Chinese Acad Sci, Inst Zool, State Key Lab Integrated Management Pest Insects, Beijing 100101, Peoples R China;","Cao, Lin",JPD,,
1078,1,2014,"Univ Wurzburg, Dept Anim Ecol & Trop Biol, Wurzburg, Germany;","Bluethgen, Nico",JPD,,
2661,1,2012,"Florida Inst Technol, Dept Biol Sci, Melbourne, FL 32901 USA;","Aronson, Richard B.",JPD,,
6501,5,2015,"Alaska Dept Fish & Game, Div Wildlife Conservat, Juneau, AK 99802 USA","Small, Robert J.",JPD,,
377,1,2016,"Natl Zool Pk, Smithsonian Conservat Biol Inst, 1500 Remount Rd, Front Royal, VA 22630 USA;","Calabrese, J. M.",JPD,,
446,4,2016,"Univ Strasbourg, Inst Pluridisciplinaire Hubert Curien, Dept Ecol Physiol Ethol, 23 Rue Becquerel, F-67087 Strasbourg, France;","Viblanc, Vincent A.",JPD,,
33,1,2017,"Univ Calif Santa Cruz, Dept Ecol & Evolutionary Biol, 1156 High St, Santa Cruz, CA 95064 USA;","Kilpatrick, A. Marm",JPD,,
2801,3,2011,"Univ Wyoming, Dept Zool & Physiol, Laramie, WY 82071 USA","Hall, Robert O., Jr.",JPD,,
3447,1,2009,"Consejo Nacl Invest Cient & Tecn, Inst Argentino Invest Zonas Aridas, RA-5500 Mendoza, Argentina;","Chacoff, Natacha P.",JPD,,
6611,2,2015,"Univ Jena, Inst Ecol, D-07743 Jena, Germany;","Lange, Markus",JPD,,
3725,1,2008,"Australian Inst Marine Sci, Townsville, Qld 4810, Australia","De'ath, G.",JPD,,
3265,1,2010,"Portland State Univ, Dept Biol, Portland, OR 97207 USA","Lichti, Nathanael I.",JPD,,
6804,3,2014,"Univ Neuchatel, Inst Biol, CH-2000 Neuchatel, Switzerland;","Kwiatkowski, Marek",JPD,,
6868,2,2014,"Univ Nacl Comahue, Lab Ecotono, CONICET INIBIOMA, RA-8400 San Carlos De Bariloche, Rio Negro, Argentina;","Quintero, Carolina",JPD,,
1167,3,2013,"Uppsala Univ, Evolutionary Biol Ctr, S-75236 Uppsala, Sweden;","Little, Chelsea J.",JPD,,
6784,5,2014,"ETH, Inst Terr Ecosyst, Dept Environm Syst Sci, CH-8092 Zurich, Switzerland","Kaiser-Bunbury, Christopher N.",JPD,,
2869,1,2011,"Univ Edinburgh, Inst Evolutionary Biol, Edinburgh EH9 3JT, Midlothian, Scotland;","Roze, Denis",JPD,,
2884,1,2011,"Univ Illinois, Sch Integrat Biol, Program Ecol Evolut & Conservat Biol, Urbana, IL 61801 USA","VanDyke, Jessica N.",JPD,,
1248,3,2013,"Univ Montana, Coll Forestry & Conservat, Dept Forest Management, Missoula, MT 59812 USA;","Mynsberge, A. R.",JPD,,
129,7,2016,"Portland State Univ, Dept Environm Sci & Management, Portland, OR 97207 USA","Morse, Jennifer L.",JPD,,
2559,1,2012,"Univ Queensland, Sch Biol Sci, Brisbane, Qld 4072, Australia;","Treml, Eric A.",JPD,,
3666,1,2009,"Univ Houston, Dept Biol & Biochem, Houston, TX 77204 USA","Kunza, Amy E.",JPD,,
4033,1,2008,"Univ Washington, Dept Biol, Seattle, WA 98195 USA;","Haak, David C.",JPD,,
3769,1,2008,"Duke Univ, Levine Sci Res Ctr, Nicholas Sch Environm & Earth Sci, Durham, NC 27708 USA","Mendoza, Arlene",JPD,,
275,1,2016,"Univ Chicago, Dept Ecol & Evolut, 1101 East 57th St, Chicago, IL 60637 USA","Jackrel, Sara L.",JPD,,
6771,2,2015,"Oregon State Univ, Dept Forest Ecosyst & Soc, Corvallis, OR 97331 USA;","Ripple, William J.",JPD,,
3075,3,2010,"Stephen F Austin State Univ, Dept Biol, Nacogdoches, TX 75962 USA","Collyer, Michael L.",JPD,,
2510,2,2012,"Univ Antioquia, Inst Biol, Fac Ciencias Exactas & Nat, Medellin, Colombia;","Parra, Juan L.",JPD,,
1383,2,2013,"Ctr Ecol & Hydrol, Wallingford OX10 8BB, Oxon, England;","Lahoz-Monfort, Jose J.",JPD,,
6771,2,2015,"Oregon State Univ, Dept Forest Ecosyst & Soc, Corvallis, OR 97331 USA;","Beschta, Robert L.",JPD,,
3436,1,2009,"Univ Alabama, Dept Biol Sci, Tuscaloosa, AL 35487 USA;","Suberkropp, Keller",JPD,,
77,7,2017,"Univ Wisconsin, Dept Entomol, Madison, WI 53706 USA","Gratton, Claudio",JPD,,
3037,1,2010,"Univ Turku, Dept Biol, Sect Ecol, FI-20014 Turku, Finland","Klemola, Netta",JPD,,
6984,1,2014,"Univ Granada, Fac Sci, Dept Ecol, E-18071 Granada, Spain;","Manuel Medina-Sanchez, Juan",JPD,,
6804,5,2014,"Swiss Fed Inst Technol, Dept Environm Syst Sci, Zurich, Switzerland;","Ackermann, Martin",JPD,,
1396,1,2013,"Univ Queensland, Sch Biol Sci, Brisbane, Qld 4079, Australia;","Ferguson, Nick",JPD,,
3288,1,2010,"Univ Utah, Dept Biol, Salt Lake City, UT 84112 USA;","Pearce-Duvet, Jessica M. C.",JPD,,
3271,5,2010,"Univ Wyoming, Dept Zool, Laramie, WY 82071 USA","Fox-Dobbs, Kena",JPD,,
1296,1,2013,"Univ Calif Davis, Bodega Marine Lab, Bodega Bay, CA 94923 USA;","Bracken, Matthew E. S.",JPD,,
3429,2,2009,"Univ Laval, Dept Biol, Ste Foy, PQ G1V 0A6, Canada;","Fortin, Marie-Eve",JPD,,
66,2,2017,"Colorado State Univ, Dept Stat, Ft Collins, CO 80523 USA;","Williams, Perry J.",JPD,,
2526,1,2012,"Univ Massachusetts, Dept Plant Soil & Insect Sci, Amherst, MA 01003 USA;","Barber, Nicholas A.",JPD,,
1469,1,2012,"Natl Ctr Ecol Anal & Synth, Santa Barbara, CA 93101 USA;","Williams, Jennifer L.",JPD,,
472,1,2015,"Univ Wisconsin, Dept Zool, Madison, WI 53706 USA;","Miller, Jesse E. D.",JPD,,
2855,3,2011,"UCL, Dept Math, London WC1E 6BT, England;","Seymour, Robert M.",JPD,,
3808,1,2008,"Ctr Ecol & Hydrol, Banchory AB31 4BW, Aberdeen, Scotland;","Keith, Aidan M.",JPD,,
33,5,2017,"No Arizona Univ, Ctr Microbial Genet & Genom, Flagstaff, AZ 86011 USA;","Foster, Jeffrey T.",JPD,,
3047,1,2010,"Univ Tartu, Inst Ecol & Earth Sci, EE-51005 Tartu, Estonia","Szava-Kovats, Robert",JPD,,
2519,1,2012,"Univ Minnesota, Dept Forest Resources, St Paul, MN 55108 USA;","Whitfeld, Timothy J. S.",KJF,,
3397,1,2009,"Univ Minnesota, Dept Geog, Minneapolis, MN 55455 USA;","Shuman, Bryan",KJF,,
2922,2,2011,"Colorado State Univ, Program Ecol, Ft Collins, CO 80523 USA;","Blackburn, Heather B.",KJF,,
3477,2,2009,"Univ Maryland, Dept Entomol, College Pk, MD 20742 USA;","Gruner, Daniel S.",KJF,,
1425,1,2012,"Univ Sherbrooke, Dept Biol, Sherbrooke, PQ J1K 2R1, Canada;","Loranger, Jessy",KJF,,
4016,2,2008,"Univ Helsinki, Dept Math & Stat, FI-00014 Helsinki, Finland","Arjas, Elja",KJF,,
3120,5,2010,"Univ Winnipeg, Dept Biol, Winnipeg, MB R3B 2E9, Canada","Wiegand, Murray D.",KJF,,
2852,1,2011,"Columbia Univ, Dept Ecol Evolut & Environm Biol, New York, NY 10027 USA;","Uriarte, Maria",KJF,,
2989,2,2010,"Chinese Acad Sci, Inst Bot, State Key Lab Vegetat & Environm Change, Beijing 100093, Peoples R China;","Niu, Shuli",KJF,,
3465,4,2009,"Penn State Univ, Dept Biol, University Pk, PA 16802 USA","Marden, James H.",KJF,,
6564,2,2015,"E Carolina Univ, Dept Biol, Greenville, NC 27858 USA;","Touchon, Justin C.",KJF,,
3937,4,2008,"Natl Univ Ireland Univ Coll Cork, Environm Res Inst, Cork, Ireland;","Jacob, Ute",KJF,,
1005,1,2014,"Stanford Univ, Dept Biol, Stanford, CA 94305 USA;","Wood, Chelsea L.",KJF,,
3430,4,2009,"Utah State Univ, Dept Wildland Resources, Logan, UT 84322 USA;","Aubry, Lise M.",KJF,,
3296,1,2010,"Univ Sydney, Sch Biol Sci, Behav & Genet Social Insects Lab, Sydney, NSW 2006, Australia","Latty, Tanya",KJF,,
321,4,2016,"Univ Fed Pernambuco, Dept Bot, Cidade Univ,Ave Prof Moraes Rego,S-N, BR-50670901 Recife, PE, Brazil","Souza, Gustavo",KJF,,
2700,2,2011,"Univ Paris 06, CNRS, UMR 7618, Lab Biogeochim & Ecol Milieux Continentaux, F-75230 Paris 05, France;","Edeline, Eric",KJF,,
6955,1,2014,"Carnegie Inst Sci, Dept Global Ecol, Stanford, CA 94305 USA","Colgan, Matthew S.",KJF,,
1015,1,2014,"Smithsonian Trop Res Inst, Balboa Ancon, Panama;","Lebrija-Trejos, Edwin",KJF,,
6775,3,2015,"Pontificia Univ Catolica Chile, Estn Costera Invest Marinas, Dept Ecol, Santiago, Chile;","Navarrete, Sergio A.",KJF,,
3278,2,2010,"No Arizona Univ, Merriam Powell Ctr Environm Res, Flagstaff, AZ 86011 USA;","Selmants, Paul C.",KJF,,
256,2,2016,"Environm Canada, 11 Innovat Blvd, Saskatoon, SK S7N 3H5, Canada;","Hobson, Keith A.",KJF,,
444,5,2016,"Marine Biol Lab, Ecosyst Ctr, Woods Hole, MA 02543 USA","Bernard, Michael J.",KJF,,
2744,3,2011,"Univ S Florida, Dept Integrat Biol, Tampa, FL 33620 USA;","Fox, Gordon A.",KJF,,
1402,2,2013,"Univ Cincinnati, Dept Biol Sci, Cincinnati, OH 45221 USA","Matter, Stephen F.",KJF,,
3426,1,2009,"Univ British Columbia, Dept Zool, Vancouver, BC V6T 1Z4, Canada; Univ British Columbia, Biodivers Res Ctr, Vancouver, BC V6T 1Z4, Canada","Ingram, Travis Univ British Columbia, Biodivers Res Ctr, Vancouver, BC V6T 1Z4, Canada",KJF,,
2921,3,2011,"Penn State Univ, IGDP Ecol, University Pk, PA 16802 USA;","Shea, Katriona",KJF,,
3671,4,2009,"Univ N Dakota, Dept Biol, Grand Forks, ND 58202 USA","Goodwin, Brett J.",KJF,,
6552,2,2015,"James Hutton Inst, Aberdeen AB15 8QH, Scotland;","Brooker, Robin W.",KJF,,
444,1,2016,"Johns Hopkins Univ, Dept Earth & Planetary Sci, Baltimore, MD 21210 USA;","Bernard, Michael J.",KJF,,
240,2,2016,"Michigan State Univ, Dept Forestry, 125 Nat Resources East Lansing, E Lansing, MI 48824 USA;","Kobe, Richard K.",KJF,,
6821,2,2014,"Univ Georgia, Odum Sch Ecol, Athens, GA 30602 USA;","Byers, James E.",KJF,,
2940,2,2010,"Univ Rhode Isl, Dept Biol Sci, Kingston, RI 02881 USA;","Preisser, Evan L.",KJF,,
2512,4,2012,"Univ Minnesota, Dept Soil Water & Climate, St Paul, MN 55108 USA;","Fissore, Cinzia",KJF,,
2756,2,2011,"Cary Inst Ecosyst Studies, Millbrook, NY 12545 USA;","LaDeau, Shannon L.",KJF,,
2673,1,2012,"Univ Massachusetts, Dept Plant Soil & Insect Sci, Amherst, MA 01003 USA","Adler, Lynn S.",KJF,,
3270,1,2010,"Wageningen Univ, Forest Ecol & Forest Management Grp, Ctr Ecosyst Studies, NL-6700 AA Wageningen, Netherlands;","Poorter, Lourens",KJF,,
2982,2,2010,"Univ New Mexico, Dept Biol, Albuquerque, NM 87131 USA;","Brown, James H.",KJF,,
3808,2,2008,"Univ Aberdeen, Sch Biol Sci, Aberdeen AB24 3UU, Scotland;","Burslem, David F. R. P.",KJF,,
1276,1,2013,"Georgia Inst Technol, Sch Biol, Atlanta, GA 30332 USA;","Rasher, Douglas B.",KJF,,
2990,1,2010,"Univ Maryland, Behav Ecol Evolut & Systemat Program, College Pk, MD 20742 USA;","Lind, Eric M.",KJF,,
324,3,2016,"Nat Hist Museum, Dept Life Sci, Soil Biodivers Grp, Cromwell Rd, London SW7 5BD, England;","Holdsworth, S.",KJF,,
3538,1,2009,"Univ Texas Austin, Brackenridge Field Lab, Sect Integrat Biol, Ithaca, NY 14850 USA","LeBrun, E. G.",KJF,,
2873,2,2011,"CNRS, UPR 9034, UR 072, IRD,Lab Evolut Genomes & Speciat, F-91198 Gif Sur Yvette, France;","Crespo-Perez, Veronica",KJF,,
2570,2,2012,"Univ Michigan, Sch Nat Resources & Environm, Ann Arbor, MI 48109 USA","Cardinale, Bradley J.",KJF,,
197,1,2016,"Univ Adelaide, Southern Seas Ecol Labs, Sch Biol Sci, Darling Bldg DX 650 418, Adelaide, SA 5005, Australia; Univ Adelaide, Inst Environm, Darling Bldg DX 650 418, Adelaide, SA 5005, Australia","Connell, Sean D. Univ Adelaide, Inst Environm, Darling Bldg DX 650 418, Adelaide, SA 5005, Australia",KJF,,
6926,2,2014,"Univ Georgia, Odum Sch Ecol, Athens, GA 30602 USA","Byers, James E.",KJF,,
6895,1,2014,"Univ Oxford, Sch Geog & Environm, Environm Change Inst, Oxford OX1 3QY, England;","Doughty, Christopher E.",KJF,,
382,4,2016,"Univ Calif Santa Cruz, Dept Ecol & Evolutionary Biol, Santa Cruz, CA 95060 USA","Bernardi, G.",KJF,,
3507,4,2009,"Univ Wisconsin, Dept Zool, Madison, WI 53706 USA","Ives, Anthony R.",KJF,,
152,8,2016,"Duke Univ, Nicholas Sch Environm, Durham, NC 27708 USA","Terborgh, John",KJF,,
6637,1,2015,"Smithsonian Conservat Biol Inst, Conservat Ecol Ctr, Front Royal, VA 22630 USA;","Mueller, T.",KJF,,
6513,1,2015,"Univ Sunshine Coast, Sch Sci & Engn, Q-4558 Maroochydore, Australia;","Olds, Andrew D.",KJF,,
6736,4,2015,"Loopkeverstichting SFOC, NL-6871 LK Renkum, Netherlands;","Turin, Hans",KJF,,
2867,1,2011,"Univ Oregon, Ctr Ecol & Evolutionary Biol, Eugene, OR 97403 USA;","Blaser, Wilma",KJF,,
3943,3,2008,"Capita Symonds, E Grinstead RH19 1UU, England;","Yarwood-Buchanan, Sarah",KJF,,
2908,1,2011,"Univ Birmingham, Sch Biosci, Ctr Ornithol, Birmingham B15 2TT, W Midlands, England;","Butler, Patrick J.",KJF,,
3435,3,2009,"Florida Int Univ, Dept Biol Sci, Miami, FL 33199 USA;","Oberbauer, Steven F.",KJF,,
3880,1,2008,"Washington State Univ, Dept Entomol, Pullman, WA 99163 USA","Snyder, William E.",KJF,,
3602,1,2009,"Univ Oslo, Dept Biol, CEES, N-0316 Oslo, Norway;","Vik, Jon Olav",KJF,,
2928,1,2011,"Univ Toulouse, UPS, INP, CNRS,EcoLab Lab Ecol Fonct, F-31055 Toulouse, France;","Marie, Guillaume",KJF,,
6510,2,2015,"Univ Stellenbosch, Dept Bot & Zool, CIB, ZA-7602 Matieland, South Africa;","Visser, Vernon",KJF,,
3949,5,2008,"NOAA, Paleoclimatol Program, Boulder, CO 80305 USA;","Morrill, Carrie",KJF,,
2885,1,2011,"Univ Houston, Dept Biol & Biochem, Houston, TX 77204 USA;","Marczak, L. B.",KJF,,
165,1,2016,"Univ Calif Berkeley, Dept Integrat Biol, Berkeley, CA 94720 USA;","Judge, Jenna",KJF,,
3147,3,2010,"Univ Houston, Dept Biol & Biochem, Houston, TX 77204 USA;","Marquardt, Emily S.",KJF,,
2695,4,2012,"Univ Puerto Rico, Inst Trop Ecosyst Studies, San Juan, PR 00931 USA;","Thompson, Jill",KJF,,
2758,1,2011,"CSIC UIB, Inst Mediterrani Estud Avancats IMEDEA, Esporles 07190, Illes Balears, Spain;","Tomas, F.",KJF,,
2672,2,2012,"No Arizona Univ, Sch Forestry, Flagstaff, AZ 86001 USA","Hofstetter, Richard W.",KJF,,
3177,2,2010,"Univ Florida, Dept Wildlife Ecol & Conservat, Gainesville, FL 32611 USA;","Bruna, Emilio M.",KJF,,
6739,1,2015,"Sun Yat Sen Univ, Dept Ecol, Sch Life Sci, State Key Lab Biocontrol, Guangzhou 510275, Guangdong, Peoples R China;","Yu, Shixiao",KJF,,
6516,2,2015,"Natl Dong Hwa Univ, Dept Nat Resources & Environm Studies, Hualien 974, Taiwan;","Sun, I-Fang",KJF,,
6808,1,2014,"Univ Edinburgh, Sch Biol Sci, Inst Evolutionary Biol, Edinburgh EH9 3JT, Midlothian, Scotland;","Kruuk, Loeske E. B.",KJF,,
24,1,2017,"Florida State Univ, Dept Biol Sci, Tallahassee, FL 32306 USA;","Wulff, Janie",KJF,,
3345,1,2009,"Penn State Univ, Dept Biol, University Pk, PA 16802 USA;","Carlo, Tomas A.",KJF,,
3939,2,2008,"Canadian Wildlife Serv, Delta, BC V4K 3N2, Canada","Martin, Kathy",KJF,,
1209,2,2013,"Skagit River Syst Cooperat, La Conner, WA 98257 USA;","Ruff, Casey P.",KJF,,
2545,1,2012,"Univ Colorado, Dept Ecol & Evolutionary Biol, Boulder, CO 80309 USA","Johnson, Pieter T. J.",KJF,,
2500,3,2012,"US Forest Serv, Pacific NW Res Stn, Corvallis, OR 97331 USA","Reid, Janice",KJF,,
3807,1,2008,"Kyoto Univ, Ctr Ecol Res, Shiga 5202113, Japan;","Kurokawa, Hiroko",KJF,,
319,2,2016,"Univ Calif Los Angeles, Dept Ecol & Evolutionary Biol, 612 Charles E Young Dr East, Los Angeles, CA 90095 USA;","Chapin, Kenneth J.",KJF,,
1216,4,2013,"Michigan State Univ, Dept Plant Biol, Hickory Corners, MI 49060 USA;","Gross, Katherine L.",KJF,,
2942,2,2010,"Univ Colorado, Cooperat Inst Res Environm Sci, Boulder, CO 80309 USA;","Lauber, Christian L.",KJF,,
3367,1,2009,"Univ Calif Davis, Dept Ecol & Evolut, Davis, CA 95616 USA; Bodega Bay Marine Lab, Bodega Bay, CA 94923 USA","Sanford, Eric Bodega Bay Marine Lab, Bodega Bay, CA 94923 USA",KJF,,
3585,6,2009,"Columbia Univ, Dept Ecol Evolut & Environm Biol, New York, NY 10027 USA;","Jouseau, Claire",KJF,,
2793,1,2011,"James Cook Univ, ARC Ctr Excellence Coral Reef Studies, Townsville, Qld 4811, Australia; James Cook Univ, Sch Marine & Trop Biol, Townsville, Qld 4811, Australia","Bonin, Mary C. James Cook Univ, Sch Marine & Trop Biol, Townsville, Qld 4811, Australia",KJF,,
3728,1,2008,"CSIC UIB, Inst Mediterrani Estudis Avancats IMEDEA, Esporles 07190, Mallorca, Spain;","Sanz-Aguilar, Ana",KJF,,
6710,4,2015,"Univ Western Australia, UWA Oceans Inst, Crawley, WA 6009, Australia;","de Bettignies, Thibaut",KJF,,
6966,6,2014,"Michigan State Univ, WK Kellogg Biol Stn, Hickory Corners, MI 49060 USA;","Gross, Katherine L.",KJF,,
1326,1,2013,"Cornell Univ, Dept Entomol, Ithaca, NY 14853 USA;","McArt, Scott H.",KJF,,
1468,3,2012,"Washington State Univ, Sch Biol Sci, Pullman, WA 99164 USA","Gomulkiewicz, Richard",KJF,,
3502,1,2009,"No Illinois Univ, Dept Biol Sci, De Kalb, IL 60115 USA;","Previtali, M. Andrea",KJF,,
1046,11,2014,"Univ Nebraska, Sch Nat Resources, Lincoln, NE 68583 USA","Sundstrom, Shana M.",KJF,,
1440,1,2012,"Univ Nacl Autonoma Mexico, Ctr Invest Ecosistemas, Morelia 58190, Michoacan, Mexico;","Mendez-Alonzo, Rodrigo",KJF,,
6542,1,2015,"Virginia Commonwealth Univ, Dept Biol, Richmond, VA 23284 USA;","Stuart-Haentjens, Ellen J.",KJF,,
6655,6,2015,"Univ Calif San Diego, Scripps Inst Oceanog, San Diego, CA 92093 USA;","Sandin, Stuart A.",KJF,,
2935,4,2011,"Sir Alister Hardy Fdn Ocean Sci, The Laboratory, Plymouth PL1 2PB, Devon, England","Johns, David",KJF,,
3781,1,2008,"UFZ Helmholtz Ctr Environm Res, Dept Conservat Biol, Helmholtz Ctr Environm Res, D-04318 Leipzig, Germany;","Henle, Klaus",KJF,,
6986,4,2014,"Univ Calif Santa Barbara, Dept Ecol Evolut & Marine Biol, Santa Barbara, CA 93106 USA;","Holbrook, Sally J.",KJF,,
2613,2,2012,"Natl Univ Mongolia, Dept Ecol, Ulaanbaatar 210646, Mongol Peo Rep;","Lkhagva, Ariuntsetseg",KJF,,
6721,2,2015,"Florida Fish & Wildlife Res Inst, St Petersburg, FL 33701 USA","Lowerre-Barbieri, Susan K.",MEL,,
3606,2,2009,"Point Reyes Bird Observ Conservat Sci, Marine Ecol Div, Petaluma, CA 94954 USA;","Sydeman, William J.",MEL,,
3949,2,2008,"Louisiana State Univ, Sch Coast & Environm, Dept Oceanog & Coastal Sci, Baton Rouge, LA 70803 USA;","Liu, Kam-Biu",MEL,,
37,2,2017,"Univ Buenos Aires, Fac Agronom, IFEVA, CONICET, San Martin 4453, RA-C1417DSE Buenos Aires, DF, Argentina","Rolhauser, Andres G.",MEL,,
464,1,2015,"Univ Texas Austin, Sect Integrat Biol, Austin, TX 78712 USA;","Leibold, Mathew A.",MEL,,
6524,5,2015,"Oregon State Univ, Hatfield Marine Sci Ctr, Dept Fisheries & Wildlife, Newport, OR 97365 USA;","Orben, Rachael A.",MEL,,
2851,2,2011,"Cornell Univ, Dept Ecol & Evolutionary Biol, Ithaca, NY 14853 USA","Cook-Patton, Susan C.",MEL,,
169,4,2016,"Chinese Acad Sci, State Key Lab Lake Sci & Environm, Nanjing Inst Geog & Limnol, Nanjing 210008, Peoples R China;","Zhang, Enlou",MEL,,
1275,2,2013,"Univ Granada, Unidad Asociada, Grp Coevoluc, CSIC, E-18071 Granada, Spain;","Soler, Juan J.",MEL,,
206,1,2016,"Wageningen Univ, Forest Ecol & Forest Management Grp, POB 47, NL-6700 AA Wageningen, Netherlands;","Lohbeck, Madelon",MEL,,
6700,6,2015,"USGS Patuxent Wildlife Res Ctr, Laurel, MD 20708 USA;","Hines, James E.",MEL,,
2594,2,2012,"Smithsonian Trop Res Inst, Balboa, Panama;","Kalko, Elisabeth K. V.",MEL,,
357,2,2016,"Uppsala Univ, Dept Ecol & Genet, Box 256, SE-75105 Uppsala, Sweden;","Bengtsson, Karin",MEL,,
2771,9,2011,"Univ Gottingen, Busgen Inst, D-37077 Gottingen, Germany","Corre, Marife D.",MEL,,
6958,1,2014,"Univ Helsinki, Dept Biosci, Metapopulat Res Grp, FI-00014 Helsinki, Finland;","Ovaskainen, Otso",MEL,,
6908,1,2014,"Queens Univ, Dept Biol, Kingston, ON K7L 3N6, Canada;","Martini, Paul R.",MEL,,
253,1,2016,"Univ Calif Santa Cruz, Dept Environm Studies, Ctr Integrated Spatial Res, Santa Cruz, CA 95064 USA;","Allen, Maximilian L.",MEL,,
3840,1,2008,"Univ Plymouth, Sch Biol Sci, Marine Biol & Ecol Res Ctr, Plymouth PL4 8AA, Devon, England","Coleman, Ross A.",MEL,,
183,1,2016,"Univ Laval, Dept Biol & Ctr dEtudes Nord, 1045 Ave De La Med, Quebec City, PQ G1V 0A6, Canada;","Fauteux, Dominique",MEL,,
6931,2,2014,"Univ Calif San Diego, Scripps Inst Oceanog, La Jolla, CA 92037 USA","Sandin, Stuart A.",MEL,,
2761,11,2011,"Univ Toulouse, INP, UPS, EcoLab Lab Ecol Fonctionnelle & Environm, F-31062 Toulouse, France;","Lamothe, Sylvain",MEL,,
1370,5,2013,"Max Planck Inst Biogeochem, D-07745 Jena, Germany;","Roscher, Christiane",MEL,,
1025,1,2014,"Stanford Univ, Dept Biol, Ctr Conservat Biol, Stanford, CA 94305 USA","Daily, Gretchen C.",MEL,,
155,1,2016,"Rutgers State Univ, Dept Ecol Evolut & Nat Resources, 14 Coll Farm Rd, New Brunswick, NJ 08901 USA","Winfree, Rachael",MEL,,
2555,2,2012,"Inst Conservat Res, San Diego Zoo, Escondido, CA 92027 USA;","Swartz, Maryke J.",MEL,,
1270,1,2013,"Purdue Univ, Dept Biol Sci, W Lafayette, IN 47907 USA;","Waser, P. M.",MEL,,
3718,2,2008,"Natl Inst Environm Studies, Tsukuba, Ibaraki 3058506, Japan","Kunitake, Yoko Kawate",MEL,,
1240,2,2013,"Univ Wisconsin, Dept Zool, Madison, WI 53706 USA;","Edmonds, Devin A.",MEL,,
1049,2,2014,"Univ Adelaide, Sch Earth & Environm Sci, Adelaide, SA 5005, Australia;","Prowse, Thomas A. A.",MEL,,
1169,1,2013,"Natl Taiwan Univ, Inst Ecol & Evolutionary Biol, Taipei 10617, Taiwan;","Chang, Li-Wan",MEL,,
1301,1,2013,"Univ Pretoria, Percy FitzPatrick Inst, DST NRF Ctr Excellence, Dept Zool & Entomol, ZA-0028 Hatfield, South Africa;","Smit, B.",MEL,,
1345,1,2013,"Fudan Univ, Coastal Ecosyst Res Stn Yangtze River Estuary, Minist Educ, Key Lab Biodivers Sci & Ecol Engn,Inst Biodivers, Shanghai 200433, Peoples R China;","Li, Bo",MEL,,
6575,1,2015,"Univ Calif Santa Cruz, Ctr Integrated Spatial Res, Dept Environm Studies, Santa Cruz, CA 95064 USA;","Nickel, Barry",MEL,,
3581,5,2009,"Univ Calif Berkeley, Museum Vertebrate Zool, Berkeley, CA 94720 USA","McEntee, Jay P.",MEL,,
349,1,2016,"Victoria Univ Wellington, Sch Biol Sci, POB 600, Wellington, New Zealand","Burns, Kevin",MEL,,
3842,1,2008,"Univ Alberta, Dept Biol Sci, Edmonton, AB T6G 2E9, Canada;","Cahill, James F., Jr.",MEL,,
2899,1,2011,"Univ Chile, Inst Ecol & Biodiversidad, Santiago, Chile;","Madrigal, Jaime",MEL,,
3621,1,2009,"Univ Georgia, Dept Plant Biol, Athens, GA 30602 USA;","Comita, Liza S.",MEL,,
259,4,2016,"Chinese Acad Sci, Northwest Inst Plateau Biol, Key Lab Adaptat & Evolut Plateau Biota, Xining 810008, Peoples R China;","Zhao, X. Q.",MEL,,
2827,1,2011,"Northeastern Univ, Ctr Marine Sci, Nahant, MA 01908 USA;","Bracken, Matthew E. S.",MEL,,
339,1,2016,"Natl Taiwan Univ, Inst Oceanog, 1,Sec 4,Roosevelt Rd, Taipei 10617, Taiwan;","Hsieh, Chih-hao",MEL,,
6889,1,2014,"USDA ARS, Southwest Watershed Res, Tucson, AZ 85719 USA;","Zhang, Yongguang",MEL,,
6747,1,2015,"Rice Univ, Dept Biosci, Houston, TX 77005 USA;","Razafindratsima, Onja H.",MEL,,
432,2,2016,"Univ Calif Berkeley, Dept Environm Sci Policy & Management, Berkeley, CA 94720 USA;","Lee, Aline M.",MEL,,
3681,1,2008,"Univ Calif Davis, Sect Evolut & Ecol, Davis, CA 95616 USA;","Ram, Karthik",MEL,,
3471,2,2009,"Macquarie Univ, Dept Biol Sci, N Ryde, NSW 2109, Australia","Herberstein, Marie E.",MEL,,
3905,1,2008,"Univ Gothenburg, Dept Marine Ecol, Tjarno Marine Biol Lab, SE-45296 Stromstad, Sweden;","Jonsson, Per R.",MEL,,
179,6,2016,"Univ Montana, Coll Forestry & Conservat, Dept Ecosyst & Conservat Sci, Wildlife Biol Program, Missoula, MT 59812 USA;","Hebblewhite, Mark",MEL,,
432,1,2016,"Norwegian Univ Sci & Technol, Ctr Biodivers Dynam, NO-7491 Trondheim, Norway;","Lee, Aline M.",MEL,,
1488,21,2012,"US Geol Survey, Forest & Rangeland Ecosyst Sci Ctr, Corvallis, OR 97331 USA;","Perakis, S. S.",MEL,,
1232,5,2013,"Radboud Univ Nijmegen, Inst Water & Wetland Res, Dept Expt Plant Ecol, NL-6500 GL Nijmegen, Netherlands","Jongejans, Eelke",MEL,,
6515,2,2015,"Biotec, Ecol Lab, Bioresources Technol Unit, Klongluang 12120, Pathum Thani, Thailand;","Nathalang, Anuttara",MEL,,
2771,3,2011,"Princeton Univ, Dept Ecol & Evolutionary Biol, Princeton, NJ 08540 USA;","Wurzburger, Nina",MEL,,
1369,2,2013,"Univ Massachusetts, Dept Plant Soil & Insect Sci, Amherst, MA 01003 USA","Adler, L. S.",MEL,,
6858,1,2014,"McGill Univ, Dept Biol, Montreal, PQ H3A 1B1, Canada;","Potvin, Catherine",MEL,,
359,1,2016,"Univ Zurich, Inst Evolutionary Biol & Environm Studies, Winterthurerstr 190, CH-8057 Zurich, Switzerland;","Schmid, Bernhard",MEL,,
1299,8,2013,"Wildlife Conservat Soc, Bronx, NY 10460 USA;","Durant, Sarah M.",MEL,,
6765,3,2015,"CSIRO Ecosyst Sci, Ctr Environm & Life Sci, Floreat, WA 6014, Australia;","Didham, Raphael K.",MEL,,
1446,1,2012,"Univ Aberdeen, Sch Biol Sci, Aberdeen, Scotland;","Lambin, Xavier",MEL,,
3568,3,2009,"Univ London London Sch Hyg & Trop Med, Dept Infect & Trop Dis, London WC1E 7HT, England","Bouma, Menno J.",MEL,,
2580,1,2012,"Univ Minnesota, Dept Plant Biol, St Paul, MN 55108 USA;","Tiffin, Peter",MEL,,
6942,1,2014,"Natl Inst Water & Atmospher Res, Hamilton 3251, New Zealand;","Parkes, Samantha",MEL,,
6964,1,2014,"Stanford Univ, Hopkins Marine Stn, Pacific Grove, CA 93950 USA;","Madigan, Daniel J.",MEL,,
1471,2,2012,"Beijing Normal Univ, Sch Environm, State Key Lab Water Environm Simulat, Beijing 100875, Peoples R China;","Cui, Baoshan",MEL,,
412,3,2016,"Griffith Univ, Griffith Sch Environm, Nathan, Qld 4111, Australia","McCallum, Hamish",MEL,,
391,4,2016,"Duke Univ, Social Sci Res Inst, Duke Network Anal Ctr, Durham, NC 27708 USA;","Borrett, Stuart R.",MEL,,
394,1,2016,"Univ Colorado, Dept Ecol & Evolutionary Biol, Boulder, CO 80309 USA;","Johnson, Pieter T. J.",MEL,,
277,5,2016,"Rutgers State Univ, Ctr Computat & Integrat Biol, Camden, NJ 08103 USA;","Gonzalez, Angelica L.",MEL,,
375,3,2016,"Kansas State Univ, Div Biol, 116 Ackert Hall, Manhattan, KS 66506 USA","Blair, John M.",MEL,,
6598,3,2015,"No Arizona Univ, Merriam Powell Ctr Environm Res, Flagstaff, AZ 86011 USA;","Lamit, Louis J.",MEL,,
2750,1,2011,"Univ Colorado, Dept Ecol & Evolutionary Biol, Boulder, CO 80309 USA;","Erb, Liesl P.",MEL,,
3420,1,2009,"Rice Univ, Dept Ecol & Evolutionary Biol, Houston, TX 77005 USA","Holland, J. Nathaniel",MEL,,
2980,3,2010,"James Cook Univ N Queensland, Sch Earth & Environm Sci, Douglas, Qld 4811, Australia","Lawler, Ivan R.",MEL,,
3374,3,2009,"US Geol Survey, Patuxent Wildlife Res Ctr, Laurel, MD 20708 USA","Nichols, James D.",MEL,,
308,1,2016,"Univ Wisconsin, Dept Entomol, Madison, WI 53706 USA","Spiesman, Brian J.",MEL,,
3235,1,2010,"Environm Protect Agcy, Queensland Herbarium, Toowong, Qld 4066, Australia;","Fensham, R. J.",MEL,,
1368,1,2013,"Univ Penn, Dept Biol, Philadelphia, PA 19104 USA;","Song, Daniel S.",MEL,,
471,2,2015,"Netherlands Inst Ecol, NL-6708 PB Wageningen, Netherlands;","Duyts, Henk",MEL,,
3107,7,2010,"CNERA Faune Montagne, Off Natl Chasse & Faune Sauvage, F-38610 Gieres, France","Toigo, Carole",MEL,,
3997,1,2008,"Creekside Ctr Earth Observat, Menlo Pk, CA 94025 USA;","Rich, Paul M.",MEL,,
3541,1,2009,"Kyoto Univ, Ctr Ecol Res, Shiga 5202113, Japan;","Kishida, Osamu",MEL,,
1134,3,2013,"Hokkaido Univ, Tomakomai Res Stn, Field Sci Ctr No Biosphere, Takaoka, Tomakomai 0530035, Japan;","Hiura, Tsutom",MEL,,
3690,1,2008,"Univ Wurzburg, Dept Anim Ecol & Trop Biol, Biozentrum, D-97074 Wurzburg, Germany;","Fruend, Jochen",MEL,,
176,3,2016,"Univ Nebraska, Sch Nat Resources, Hardin Hall Room 403, Lincoln, NE 68583 USA;","Heatherly, Thomas",MEL,,
3381,1,2009,"Univ Exeter, Ctr Ecol & Conservat, Penryn TR10 9EZ, Cornwall, England;","Carslake, David",MEL,,
3962,1,2008,"Univ Calif Davis, Sect Evolut & Ecol, Davis, CA 95616 USA;","Wright, Amber N.",MEL,,
2537,2,2012,"Colorado State Univ, Dept Ecosyst Sci & Sustainabil, Ft Collins, CO 80523 USA;","Moore, John C.",MEL,,
3595,1,2009,"ETH Zentrum, CHN, ETH Zurich, Inst Integrat Biol, CH-8092 Zurich, Switzerland;","Dietz, Hansjoerg",MEL,,
1008,4,2014,"Princeton Univ, Dept Ecol & Evolutionary Biol, Princeton, NJ 08544 USA","Pringle, Robert M.",MEL,,
2809,2,2011,"Univ Zurich, Inst Evolutionary Biol & Environm Studies, CH-8057 Zurich, Switzerland;","Wagg, Cameron",MEL,,
1298,6,2013,"Aarhus Univ, Dept Biosci, DK-8000 Aarhus C, Denmark","Trojelsgaard, Kristian",MEL,,
6703,1,2015,"Aarhus Univ, Sect Ecoinformat & Biodivers, Dept Biosci, CIRCE, DK-8000 Aarhus C, Denmark;","Svenning, Jens-Christian",MEL,,
6722,1,2015,"Lakehead Univ, Fac Nat Resources Management, Thunder Bay, ON P7B 5E1, Canada","Yuan, Z. Y.",MEL,,
461,1,2015,"Univ Texas Austin, Dept Integrat Biol, Austin, TX 78712 USA","Matz, Mikhail V.",MEL,,
3273,1,2010,"CSIC, Estac Biol Donana, E-41092 Seville, Spain;","Herrera, Carlos M.",MEL,,
3774,1,2008,"Univ Wyoming, Dept Zool & Physiol, Dept 3166, Laramie, WY 82071 USA","Benkman, Craig W.",MEL,,
285,1,2016,"Yale Univ, Dept Ecol & Evolutionary Biol, New Haven, CT 06520 USA","Vasseur, David A.",MEL,,
3177,1,2010,"Columbia Univ, Dept Ecol Evolut & Environm Biol, New York, NY 10027 USA;","Uriarte, Maria",MEL,,
2874,2,2011,"Univ Georgia, Savannah River Ecol Lab, Aiken, SC 29802 USA","Willson, John D.",MEL,,
1005,3,2014,"Univ Calif Santa Barbara, US Geol Survey, Western Ecol Res Ctr, Inst Marine Sci, Santa Barbara, CA 93106 USA;","Lafferty, Kevin D.",NWK,,
438,3,2016,"Univ Miguel Hernandez, Dept Biol Aplicada, Avda Univ S-N, Alicante 03202, Spain;","Sanchez-Zapata, Jose A.",NWK,,
2540,5,2012,"Deakin Univ, Sch Life & Environm Sci, Landscape Ecol Res Grp, Burwood, Vic 3125, Australia","Radford, James Q.",NWK,,
2552,4,2012,"S African Natl Pk, Conservat Serv, ZA-6031 Port Elizabeth, South Africa;","Adendorff, John",NWK,,
2907,3,2011,"Cornell Univ, Dept Ecol & Evolutionary Biol, Ithaca, NY 14853 USA;","Winkler, David W.",NWK,,
2636,2,2012,"Duke Univ, Dept Biol, Durham, NC 27708 USA;","Clark, James S.",NWK,,
58,8,2017,"Univ Valle, Fac Ciencias Natur & Exactas, Cali, Colombia;","Armbrecht, Inge",NWK,,
1142,4,2013,"Univ La Serena, Dept Biol, La Serena, Chile;","Gianoli, Ernesto",NWK,,
6746,2,2015,"US Geol Survey, Patuxent Wildlife Res Ctr, Laurel, MD 20708 USA;","Yackulic, Charles B.",NWK,,
3900,1,2008,"Univ St Thomas, Dept Biol, St Paul, MN 55105 USA;","Kay, Adam D.",NWK,,
2845,1,2011,"Univ Toronto, Dept Ecol & Evolutionary Biol, Toronto, ON M5S 3G5, Canada;","Rayfield, Bronwyn",NWK,,
3697,1,2008,"UFZ Helmholtz Ctr Environm Res, Helmholtz Ctr Environm Res, Dept Community Ecol, D-06210 Halle, Germany;","Klotz, Stefan",NWK,,
1142,5,2013,"Univ Concepcion, Dept Bot, Concepcion, Chile","Gianoli, Ernesto",NWK,,
4015,2,2008,"Univ Calif Davis, Dept Entomol, Davis, CA 95616 USA","Rosenheim, Jay A.",NWK,,
1213,1,2013,"Leibniz Ctr Trop Marine Ecol ZMT, Coral Reef Ecol Grp CORE, D-28359 Bremen, Germany;","Wolf, Alexander T.",NWK,,
3274,2,2010,"Rocky Mt Biol Labs, Crested Butte, CO 81224 USA;","Forrest, Jessica",NWK,,
3701,1,2008,"Virginia Tech, Dept Biol, Blacksburg, VA 24061 USA;","Webster, J. R.",NWK,,
431,2,2016,"Harvard Univ, Harvard Forest, 324 North Main St, Petersham, MA 01366 USA;","Ellison, Aaron M.",NWK,,
3185,1,2010,"Stockholm Univ, Dept Syst Ecol, SE-10691 Stockholm, Sweden","Karlson, Agnes M. L.",NWK,,
3002,2,2010,"Univ Tasmania, Sch Plant Sci, Hobart, Tas 7001, Australia;","Bailey, Joseph K.",NWK,,
6989,2,2014,"Univ Laval, Ctr Etud Nord, Quebec City, PQ G1V 0A6, Canada;","Giroux, Marie-Andree",NWK,,
3120,4,2010,"Queens Univ, Dept Biol, Kingston, ON K7L 3N6, Canada;","Casselman, John M.",NWK,,
1230,1,2013,"Cornell Lab Ornithol, Ithaca, NY 14850 USA;","Fink, Daniel",NWK,,
2633,1,2012,"Univ Glasgow, Sch Math & Stat, Glasgow G12 8QW, Lanark, Scotland;","Cobbold, Christina A.",NWK,,
6595,1,2015,"NIOZ Royal Netherlands Inst Sea Res, Dept Marine Ecol, NL-1790 AB Den Burg, Netherlands;","Bijleveld, Allert I.",NWK,,
6704,3,2015,"INRA, UMR Ecophysiol Vegetale Agron & Nutr N C S 950, Esplanade Paix, F-14032 Caen, France;","Personeni, Emmanuelle",NWK,,
3839,1,2008,"Florida Int Univ, Dept Biol Sci, Marine Sci Program, N Miami, FL 33181 USA;","Layman, Craig A.",NWK,,
6760,2,2015,"CNRS, Lab Ecol Alpine LECA, F-38000 Grenoble, France","Munkemuller, T.",NWK,,
1204,3,2013,"Univ Calif Davis, Dept Ecol & Evolut, Davis, CA 95616 USA;","Anacker, B. L.",NWK,,
318,4,2016,"Univ Colorado, Inst Arctic & Alpine Res, Boulder, CO 80309 USA;","Seastedt, Timothy R.",NWK,,
4073,2,2007,"NINA, Div Arctic Ecol, Tromso, Norway;","Tveraa, Torkild",NWK,,
408,9,2016,"Taiwan Forestry Res Inst, Taipei 10066, Taiwan;","Su, Sheng-Hsin",NWK,,
2639,2,2012,"Australian Natl Univ, Res Sch Biol Sci, Canberra, ACT 7000, Australia","Facelli, Jose M.",NWK,,
3583,1,2009,"Indiana Univ, Dept Biol, Bloomington, IN 47405 USA;","Seifert, Elizabeth K.",NWK,,
6712,4,2015,"Wildlife Conservat Soc, Bronx, NY 10460 USA;","Chapman, Colin A.",NWK,,
6791,2,2014,"Chinese Acad Sci, Northwest Inst Plateau Biol, Key Lab Adaptat & Evolut Plateau Biota, Xining 810008, Peoples R China;","Cui, S. J.",NWK,,
1140,2,2013,"Aarhus Univ, Dept Biosci, Ecoinformat & Biodivers Grp, DK-8000 Aarhus C, Denmark;","Sandel, Brody",NWK,,
3937,1,2008,"Univ Wyoming, Dept Zool & Physiol, Laramie, WY 82071 USA;","Doak, Daniel F.",NWK,,
148,1,2016,"Smithsonian Environm Res Ctr, 647 Contees Wharf Rd, Edgewater, MD 21037 USA;","Megonigal, J. Patrick",NWK,,
442,2,2016,"CSIC, Ctr Adv Studies Blanes CEAB, Integrat Freshwater Ecol Grp, Acces Cala St Francesc 14, Blanes 17300, Girona, Spain","Bernal, Susana",NWK,,
115,1,2017,"Duke Univ, Wetland Ctr, Nicholas Sch Environm, Durham, NC 27708 USA","Richardson, Curtis J.",NWK,,
322,1,2016,"Univ La Serena, Dept Biol, Campus Univ,Ave Raul Bitran 1305, La Serena, Chile;","Armas, Cristina",NWK,,
120,2,2016,"Univ Utrecht, NL-4400 AC Yerseke, Netherlands;","Ysebaert, Tom",NWK,,
6911,2,2014,"Utah State Univ, Dept Biol, Logan, UT 84322 USA;","Ernest, S. K. Morgan",NWK,,
6533,1,2015,"Michigan State Univ, Kellogg Biol Stn, Hickory Corners, MI 49060 USA;","Suwa, Tomomi",NWK,,
3333,2,2009,"Yale Univ, Dept Ecol & Evolutionary Biol, New Haven, CT 06511 USA;","Balmer, Oliver",NWK,,
4020,1,2008,"Duke Univ, Dept Biol, Durham, NC 27708 USA;","Mohan, Jacqueline E.",NWK,,
4018,1,2008,"Yokohama Natl Univ, Grad Sch Environm & Informat Sci, Yokohama, Kanagawa 2408501, Japan;","Rossberg, A. G.",NWK,,
6898,3,2014,"Penn State Univ, Dept Ecosyst Sci & Management, University Pk, PA 16801 USA;","Eissenstat, David M.",NWK,,
416,4,2016,"Univ Michigan, Dept Ecol & Evolutionary Biol, Ann Arbor, MI 48109 USA;","Duffy, Meghan A.",NWK,,
6871,4,2014,"Univ Western Australia, Ctr Excellence Nat Resource Management, Albany, WA 6330, Australia;","Pettit, Neil E.",NWK,,
1370,1,2013,"Univ Jena, Inst Ecol, D-07749 Jena, Germany;","Allan, Eric",NWK,,
3591,2,2009,"Ben Gurion Univ Negev, Dept Life Sci, IL-84105 Beer Sheva, Israel;","Belmaker, Jonathan",NWK,,
2634,5,2012,"Smithsonian Trop Res Inst, Balboa Ancon, Panama;","Wright, S. Joseph",NWK,,
3431,1,2009,"Duke Univ, Univ Program Ecol, Durham, NC 27708 USA;","Smith, Curtis A.",NWK,,
6813,2,2014,"Eawag Swiss Fed Inst Aquat Sci & Technol, Dept Aquat Ecol, CH-8600 Dubendorf, Switzerland;","Hines, Jessica",NWK,,
3440,1,2009,"Univ Tokyo, Dept Ecosyst Studies, Grad Sch Agr & Life Sci, Bunkyo Ku, Tokyo 1138657, Japan;","Okubo, Satoru",NWK,,
6660,2,2015,"Univ Concepcion, LIB, Fac Ciencias Forest, Concepcion, Chile;","Pauchard, Anibal",NWK,,
6896,3,2014,"Smithsonian Inst, Natl Museum Nat Hist, Dept Bot, Washington, DC 20560 USA","Kress, W. John",NWK,,
1293,4,2013,"McMaster Univ, Dept Math & Stat, Hamilton, ON L8S 4K1, Canada;","Bolker, Benjamin M.",NWK,,
1405,2,2013,"James Hutton Inst, Aberdeen AB15 8QH, Scotland","Seward, Adam M.",NWK,,
169,3,2016,"Univ Southampton, Geog & Environm, Southampton SO17 1BJ, Hants, England;","Dyke, James G.",NWK,,
2823,4,2011,"Fed Inst Geosci & Nat Resources, D-30655 Hannover, Germany;","Stange, Claus F.",NWK,,
2635,1,2012,"Duke Univ, Nicholas Sch Environm, Durham, NC 27708 USA;","Clark, Connie J.",NWK,,
1488,2,2012,"Univ Florida, Dept Biol, Gainesville, FL 32611 USA;","Mack, M. C.",NWK,,
155,1,2016,"Rutgers State Univ, Dept Ecol Evolut & Nat Resources, 14 Coll Farm Rd, New Brunswick, NJ 08901 USA","MacLeod, Molly",NWK,,
3632,1,2009,"Univ Calif Davis, Sect Evolut & Ecol, Davis, CA 95616 USA","Theil, Jacob H.",NWK,,
2550,2,2012,"Microsoft Res, Computat Ecol & Environm Sci Grp, Cambridge CB3 0FB, England;","Purves, Drew W.",NWK,,
3785,7,2008,"Natl Ctr Ecol Anal & Synth, Santa Barbara, CA 93101 USA;","Orrock, John L.",NWK,,
7,2,2017,"Woods Hole Oceanog Inst, Dept Biol, Woods Hole, MA 02543 USA;","Jenouvrier, Stephanie",NWK,,
2552,1,2012,"Nelson Mandela Metropolitan Univ, Dept Zool, Ctr African Conservat Ecol, ZA-6031 Port Elizabeth, South Africa;","Druce, Dave J.",NWK,,
3521,1,2009,"Univ Freiburg, Fac Biol, Dept Evolutionary Biol & Anim Ecol, D-79104 Freiburg, Germany","Schaefer, H. Martin",NWK,,
3765,4,2008,"Tree Life Nursery, San Juan Capistrano, CA 92693 USA","Corkidi, Lea",NWK,,
448,2,2016,"Univ Lyon 1, UMR 5558, Lab Biometrie & Biol Evolut, 43 Bd 11 Novembre 1918, F-69622 Villeurbanne, France;","Gaillard, Jean-Michel",NWK,,
1408,3,2013,"Mt Allison Univ, Dept Geog & Environm, Sackville, NB E4L 1A7, Canada","Ollerhead, Jeff",NWK,,
6871,5,2014,"Univ Western Australia, Sch Plant Biol, West Australian Biogeochem Ctr, Crawley, WA 6009, Australia;","Skrzypek, Grzegorz",NWK,,
1478,1,2012,"Univ Calif Davis, Dept Environm Sci & Policy, Davis, CA 95616 USA","Anacker, B. L.",NWK,,
1344,1,2013,"Univ Calif Irvine, Dept Ecol & Evolutionary Biol, Irvine, CA 92697 USA;","Allison, Steven D.",NWK,,
6565,7,2015,"Museum Natl Hist Nat, UMR 7205, Inst Systemat Evolut & Biodiversite, F-75005 Paris 5, France","Baguette, M.",NWK,,
118,2,2016,"Peking Univ, Key Lab Earth Surface Proc, Minist Educ, Beijing 100871, Peoples R China;","Wang, Zhiheng",NWK,,
6656,3,2015,"Univ Calif Davis, Bodega Marine Lab, Bodega Bay, CA 94923 USA;","Fisher, Jennifer L.",NWK,,
2609,1,2012,"Univ Vienna, Dept Chem Ecol & Ecosyst Res, A-1090 Vienna, Austria;","Leitner, Sonja",NWK,,
6498,3,2015,"Univ Calif Davis, Dept Ecol & Evolut, Bodega Bay, CA 94923 USA;","Jurgens, Laura J.",NWK,,
2595,1,2012,"US Geol Survey, Ft Collins Sci Ctr, Ft Collins, CO 80526 USA;","Rodda, Gordon H.",NWK,,
3824,1,2008,"Univ Arizona, Dept Ecol & Evolutionary Biol, Tucson, AZ 85721 USA;","Barron-Gafford, Greg",NWK,,
2713,1,2011,"James Cook Univ, ARC Ctr Excellence Coral Reef Studies, Townsville, Qld 4811, Australia;","Jones, Geoffrey P.",NWK,,
1408,2,2013,"Univ New Brunswick, Dept Biol, Fredericton, NB E3B 5A3, Canada;","Barbeau, Myriam A.",NWK,,
2984,2,2010,"Stockholm Univ, Dept Bot, SE-10691 Stockholm, Sweden","Dahlgren, Johan P.",NWK,,
6511,5,2015,"Univ Tasmania, Sch Biol Sci, Hobart, Tas 7001, Australia;","MacGregor, Hannah E. A.",NWK,,
3320,1,2010,"Univ Montreal, Dept Sci Biol, Montreal, PQ H3C 3J7, Canada","De Caceres, Miquel",NWK,,
2713,2,2011,"James Cook Univ, Sch Marine & Trop Biol, Townsville, Qld 4811, Australia;","Messmer, Vanessa",NWK,,
1261,2,2013,"Sor Trondelag Univ Coll, N-7004 Trondheim, Norway","Grindeland, John Magne",NWK,,
3484,5,2009,"Univ Alaska, Dept Forest Sci, Fairbanks, AK 99775 USA;","Rupp, T. Scott",NWK,,
222,3,2016,"Univ Connecticut, Dept Ecol & Evolutionary Biol, Storrs, CT 06269 USA;","Urban, Mark C.",NWK,,
135,5,2016,"Cornell Univ, Dept Ecol Evolutionary Biol, Ithaca, NY USA;","Hairston, N. G., Jr.",NWK,,
3434,1,2009,"Marine Biol Lab, Ctr Ecosyst, Woods Hole, MA 02543 USA;","Hopkinson, Charles",NWK,,
1439,2,2012,"Univ Zurich, Inst Evolutionary Biol & Environm Studies, CH-8057 Zurich, Switzerland;","Niklaus, Pascal A.",NWK,,
2900,4,2011,"Univ Washington, Dept Biol, Seattle, WA 98195 USA;","HilleRisLambers, Janneke",NWK,,
180,2,2016,"Univ Wisconsin, Dept Forest & Wildlife Ecol, Madison, WI 53706 USA;","Storm, Daniel J.",NWK,,
6745,7,2015,"Univ Adelaide, Inst Environm, Adelaide, SA 5005, Australia;","Connell, Sean D.",RPM,,
1015,1,2014,"Smithsonian Trop Res Inst, Balboa Ancon, Panama;","Hernandez, Andres",RPM,,
6972,1,2014,"Univ Canberra, Inst Appl Ecol, Canberra, ACT 2601, Australia;","Bowler, Berlinda",RPM,,
1209,1,2013,"Univ Washington, Sch Aquat & Fishery Sci, Seattle, WA 98195 USA;","Armstrong, Jonathan B.",RPM,,
3285,4,2010,"Univ Liege, Dept Environm Sci, Behav Biol Unit, B-4020 Liege, Belgium","Denoel, Mathieu",RPM,,
3741,4,2008,"Univ S Carolina, Dept Biol Sci, Columbia, SC 29208 USA;","Hilbish, Thomas J.",RPM,,
3991,1,2008,"Marine Biol Assoc United Kingdom Lab, Plymouth PL1 2PB, Devon, England;","Hawkins, Stephen J.",RPM,,
2730,1,2011,"Smithsonian Trop Res Inst, Unit 9100, Dpo, AA 34002 USA;","Beckman, Noelle G.",RPM,,
2622,1,2012,"US Geol Survey, Patuxent Wildlife Res Ctr, Laurel, MD 20708 USA;","Kendall, William L.",RPM,,
2852,3,2011,"Smithsonian Trop Res Inst, BR-69011970 Manaus, Amazonas, Brazil;","Anciaes, Marina",RPM,,
1398,3,2013,"San Diego State Univ, Dept Biol, San Diego, CA 92182 USA","Rohwer, F.",RPM,,
2715,4,2011,"Biodivers & Climate Res Ctr, D-60325 Frankfurt, Germany","O'Hara, Robert B.",RPM,,
297,1,2016,"Univ Bourgogne Franche Comte, CNRS, UMR Chronoenvironm 6249, F-25030 Besancon, France;","Fritsch, Clementine",RPM,,
3938,1,2008,"Univ Oxford, Dept Zool, Oxford OX1 3PS, England;","Pybus, Oliver",RPM,,
1460,2,2012,"Univ Minnesota, Dept Forest Resources, St Paul, MN 55108 USA;","Reich, Peter B.",RPM,,
6766,5,2015,"Univ London Imperial Coll Sci Technol & Med, Dept Life Sci, Ascot, Berks, England;","Pawar, Samraat",RPM,,
36,1,2017,"Northeastern Univ, Dept Marine & Environm Sci, Nahant, MA 01908 USA;","Kimbro, David L.",RPM,,
2867,1,2011,"Univ Oregon, Ctr Ecol & Evolutionary Biol, Eugene, OR 97403 USA;","Blaisdell, G. Kai",RPM,,
3264,1,2010,"Univ Alberta, Dept Math & Stat Sci, Edmonton, AB T6G 2G1, Canada","Moreno, Monica",RPM,,
3133,1,2010,"Univ Calif Davis, Dept Environm Sci & Policy, Davis, CA 95616 USA","Harrison, Susan",RPM,,
1180,3,2013,"Univ Guelph, Dept Integrat Biol, Guelph, ON N1G 2W1, Canada","McAdam, Andrew G.",RPM,,
3326,2,2009,"Univ Zurich, Inst Environm Sci, CH-8057 Zurich, Switzerland;","Marquard, Elisabeth",RPM,,
178,1,2016,"Univ Calif Berkeley, Dept Integrat Biol, 1005 Valley Life Sci Bldg 3140, Berkeley, CA 94720 USA;","Salazar, Diego",RPM,,
6656,1,2015,"Univ Cape Town, Dept Biol Sci, ZA-7701 Rondebosch, South Africa;","Pfaff, Maya C.",RPM,,
6554,1,2015,"Lund Univ, Dept Biol, SE-22362 Lund, Sweden;","Svensson, Erik I.",RPM,,
3285,1,2010,"Allegheny Coll, Dept Biol, Meadville, PA 16335 USA;","Wissinger, Scott A.",RPM,,
466,3,2015,"Queensland Dept Sci Informat Technol & Innovat, Brisbane, Qld 4001, Australia;","Woods, Ryan",RPM,,
243,3,2016,"Univ Queensland, Sch Biol Sci, Australian Res Council, Ctr Excellence Coral Reef Studies, Goddard Bldg, Brisbane, Qld 4072, Australia;","Harborne, Alastair R.",RPM,,
3934,1,2008,"Smithsonian Trop Res Inst, Unit 0948, APO, AA 34002 USA;","Van Bael, Sunshine A.",RPM,,
3129,2,2010,"Swedish Univ Agr Sci, Dept Ecol, SE-75007 Uppsala, Sweden","Ockinger, Erik",RPM,,
6805,1,2014,"Univ Alberta, Dept Biol Sci, Edmonton, AB T6G 2E9, Canada;","White, Shannon R.",RPM,,
1189,1,2013,"Chinese Acad Sci, Inst Zool, Key Lab Anim Ecol & Conservat Biol, Beijing 100101, Peoples R China;","Hu, Yibo",RPM,,
110,4,2017,"Florida State Univ, Dept Biol Sci, B-157, Tallahassee, FL 32306 USA","M'Gonigle, Leithen K.",RPM,,
2550,1,2012,"Univ Zurich, Inst Evolutionary Biol & Environm Studies, CH-8057 Zurich, Switzerland;","Hector, Andy",RPM,,
3177,5,2010,"Smithsonian Trop Res Inst, BR-69011970 Manaus, Amazonas, Brazil;","Bruna, Emilio M.",RPM,,
2771,6,2011,"Univ Calif Riverside, Dept Bot & Plant Sci, Riverside, CA 92521 USA;","Santiago, Louis S.",RPM,,
259,4,2016,"Chinese Acad Sci, Northwest Inst Plateau Biol, Key Lab Adaptat & Evolut Plateau Biota, Xining 810008, Peoples R China;","Li, Y. N.",RPM,,
1224,1,2013,"Netherlands Inst Ecol NIOO KNAW, Dept Aquat Ecol, NL-6708 PB Wageningen, Netherlands;","Dobrescu, Ioana",RPM,,
415,1,2016,"Univ Calif Davis, Dept Evolut & Ecol, One Shields Ave, Davis, CA 95616 USA;","Tran, Carolyn",RPM,,
1167,2,2013,"Univ Oregon, Inst Environm Sci, Eugene, OR 97403 USA;","Bridgham, Scott D.",RPM,,
2505,1,2012,"Univ Minnesota, Minneapolis, MN 55455 USA;","Cavender-Bares, Jeannine",RPM,,
1070,3,2014,"Univ Peradeniya, Dept Bot, Fac Sci, Peradeniya 20400, Sri Lanka","Gunatilleke, C. V. Savitri",RPM,,
283,1,2016,"Chinese Acad Sci, Key Lab Alpine Ecol & Biodivers, Key Lab Tibetan Environm Changes & Land Surface P, Inst Tibetan Plateau Res, Beijing 100085, Peoples R China;","Wang, Yafeng",RPM,,
2509,2,2012,"Purdue Univ, Dept Biol Sci & Bot & Plant Pathol, W Lafayette, IN 47907 USA","Emery, Nancy C.",RPM,,
471,1,2015,"Swiss Fed Inst Forest Snow & Landscape Res, CH-8903 Birmensdorf, Switzerland;","Risch, Anita C.",RPM,,
6842,1,2014,"Rice Univ, Dept Ecol & Evolutionary Biol, Houston, TX 77005 USA","Miller, Tom E. X.",RPM,,
6799,2,2014,"Towson Univ, Dept Biol Sci, Towson, MD 21252 USA","Johnson, L. Scott",RPM,,
2565,1,2012,"Oregon State Univ, Dept Zool, Corvallis, OR 97331 USA;","Hacker, Sally D.",RPM,,
6840,2,2014,"Cornell Univ, Dept Ecol & Evolutionary Biol, Ithaca, NY 14853 USA","Stastny, Michael",RPM,,
2787,1,2011,"Univ Stellenbosch, Dept Bot & Zool, Ctr Invas Biol, ZA-7602 Matieland, South Africa;","Terauds, Aleks",RPM,,
6953,1,2014,"Monash Univ, Sch Biol Sci, Clayton, Vic 3800, Australia;","Harrisson, Katherine A.",RPM,,
259,1,2016,"Chinese Acad Sci, Inst Tibetan Plateau Res, Key Lab Alpine Ecol & Biodivers, Beijing 100101, Peoples R China;","Piao, S. L.",RPM,,
3599,2,2009,"Chinese Acad Sci, Inst Bot, Beijing, Peoples R China;","Ma, Keping",RPM,,
1050,2,2014,"Univ Helsinki, Dept Phys, FI-00014 Helsinki, Finland","Hakala, Jani",RPM,,
3107,1,2010,"Campus CNRS, UMR 5175, Ctr Ecol Fonct & Evolut, F-34293 Montpellier 5, France;","Servanty, Sabrina",RPM,,
268,1,2016,"Univ Montana, Div Biol Sci, Missoula, MT 59812 USA;","Callaway, Ragan M.",RPM,,
1420,1,2012,"Pontificia Univ Catolica Ecuador, Fac Ciencias Exactas & Nat, Quito, Ecuador;","Dangles, Olivier",RPM,,
6792,1,2014,"Univ Illinois, Program Ecol & Evolutionary Biol, Urbana, IL 61801 USA;","Andersen, Kelly M.",RPM,,
6757,1,2015,"Univ Lancaster, Soil & Ecosyst Ecol Lab, Lancaster Environm Ctr, Lancaster LA1 4YQ, England;","Ostle, Nicholas J.",RPM,,
6925,2,2014,"Univ Florida, Dept Biol, Gainesville, FL 32611 USA;","Mack, Michelle C.",RPM,,
345,4,2016,"Univ Exeter, CEC, Penryn TR10 9FE, Cornwall, England","Buckling, Angus",RPM,,
6745,1,2015,"Univ Calif Davis, Bodega Marine Lab, Bodega Bay, CA 94923 USA;","Sanford, Eric",RPM,,
123,1,2016,"Michigan State Univ, Coll Nat Sci, Dept Integrat Biol, 288 Farm Lane RM 203, E Lansing, MI 48824 USA;","Rossman, Sam",RPM,,
1181,2,2013,"Swedish Univ Agr Sci, Dept Forest Ecol & Management, SE-90183 Umea, Sweden;","Sponseller, Ryan A.",RPM,,
2700,4,2011,"Lancaster Environm Ctr, Ctr Ecol & Hydrol, Lancaster LA1 4AP, Lancs, England","Winfield, Ian J.",RPM,,
3239,1,2010,"Chicago Bot Garden, Div Plant Biol & Conservat, Glencoe, IL 60022 USA;","Wagenius, Stuart",RPM,,
6745,3,2015,"Univ British Columbia, Dept Zool, Vancouver, BC V6T 174, Canada;","Sunday, Jennifer M.",RPM,,
3617,1,2009,"Yale Univ, Dept Ecol & Evolut Biol, New Haven, CT 06520 USA","Palkovacs, Eric P.",RPM,,
3541,3,2009,"Northeastern Univ, Ctr Marine Sci, Nahant, MA 01908 USA","Trussell, Geoffrey C.",RPM,,
456,1,2015,"Univ Calif Santa Barbara, Inst Marine Sci, Santa Barbara, CA 93106 USA;","Siegel, David A.",RPM,,
396,3,2016,"Univ Cambridge, Dept Zool, Conservat Sci Grp, Cambridge CB2 3EJ, England;","Amano, Tatsuya",RPM,,
3058,2,2010,"Univ Alberta, Dept Biol Sci, Edmonton, AB T6G 2E9, Canada;","Lane, Jeffrey E.",RPM,,
6989,1,2014,"Univ Laval, NSERC Ind Res Chair Integrated Management Resourc, Dept Biol, Quebec City, PQ G1V 0A6, Canada;","Simard, Marie Anouk",RPM,,
3625,5,2009,"Univ Alberta, Dept Math & Stat Sci, Edmonton, AB T6G 2G1, Canada","Lele, Subhash R.",RPM,,
3594,7,2009,"Carl von Ossietzky Univ Oldenburg, Landscape Ecol Grp, D-26111 Oldenburg, Germany;","Kleyer, Michael",RPM,,
6778,1,2014,"Natl Ocean & Atmospher Adm, Natl Marine Fisheries Serv, NW Fisheries Sci Ctr, Fisheries Resource Anal & Monitoring Div, Seattle, WA 98112 USA;","Thorson, James T.",RPM,,
97,4,2017,"Oregon State Univ, Dept Integrat Biol, Corvallis, OR 97331 USA","Lytle, David A.",RPM,,
3395,1,2009,"Duke Univ, Duke Populat Res Inst, Durham, NC 27707 USA;","Metcalf, C. Jessica E.",RPM,,
3681,1,2008,"Univ Calif Davis, Sect Evolut & Ecol, Davis, CA 95616 USA;","Strong, Donald R.",RPM,,
221,1,2016,"Chapman Univ, Schmid Coll Sci & Technol, 1 Univ Dr, Orange, CA 92866 USA;","Funk, Jennifer L.",RPM,,
3671,3,2009,"Cary Inst Ecosyst Studies, Millbrook, NY 12545 USA;","Connors, Matthew J.",RPM,,
380,5,2016,"Smithsonian Environm Res Ctr, POB 28, Edgewater, MD 21037 USA;","McCormick, Melissa K.",RPM,,
2569,5,2012,"Univ Zurich, Inst Evolutionary Biol & Environm Studies, CH-8057 Zurich, Switzerland","Hector, Andy",RPM,,
3191,1,2010,"Charles Darwin Univ, Sch Environm & Life Sci, Darwin, NT 0909, Australia;","Christian, Keith A.",RPM,,
1102,4,2014,"Univ Wyoming, Dept Bot, Dept Ecosyst Sci & Management, Environm & Nat Resource Program, Laramie, WY 82071 USA","Burke, Ingrid C.",RPM,,
2498,2,2012,"Univ S Carolina, Marine Sci Program, Columbia, SC 29208 USA","Griffen, Blaine D.",RPM,,
6802,2,2014,"James Cook Univ, ARC Ctr Excellence Coral Reef Studies, Townsville, Qld 4811, Australia","Munday, Philip L.",RPM,,
2964,14,2010,"McGill Univ, Dept Biol, Montreal, PQ H3A 1B1, Canada;","Ruiz-Jaen, Maria C.",RPM,,
135,1,2016,"Eawag, Swiss Fed Inst Aquat Sci & Technol, Dept Aquat Ecol, CH-8600 Dubendorf, Switzerland;","Tellenbach, C.",RPM,,
1144,2,2013,"Zhejiang Univ, Coll Life Sci, Minist Educ, Key Lab Conservat Biol Endangered Wildlife, Hangzhou 310058, Zhejiang, Peoples R China;","Yu, Mingjian",RPM,,
4008,1,2008,"Univ Jyvaskyla, Dept Biol & Environm Sci, FIN-40014 Jyvaskyla, Finland;","Taipale, Sami",RPM,,
6636,1,2015,"Univ Minnesota, Dept Ecol Evolut & Behav, St Paul, MN 55108 USA;","Clark, Adam Thomas",RPM,,
6533,1,2015,"Michigan State Univ, Kellogg Biol Stn, Hickory Corners, MI 49060 USA;","TerHorst, Casey P.",RPM,,
3082,1,2010,"Univ Alaska, Inst Arctic Biol, Fairbanks, AK 99775 USA;","Booth, Michael G.",RPM,,
3889,2,2008,"Michigan State Univ, WK Kellogg Biol Stn, Hickory Corners, MI 49060 USA;","Mittelbach, Gary G.",RPM,,
1463,2,2012,"Univ Grenoble 1, UMR CNRS 5553, Lab Ecol Alpine, F-38041 Grenoble 9, France;","de Bello, Francesco",RPM,,
2603,2,2012,"Univ Nacl Cuyo, Inst Ciencias Basicas, RA-5500 Mendoza, Argentina","Lomascolo, Silvia B.",RPM,,
341,3,2016,"Univ Kiel, Dept Landscape Ecol, Olshausenstr 75, D-24118 Kiel, Germany;","Herrmann, John D.",RPM,,
6665,1,2015,"Univ Louisville, Dept Biol, Louisville, KY 40292 USA;","Emery, Sarah M.",RPM,,
