Paper_ID,Affiliation_ID,Year,Keyword,AffiliationGroup,OriginalAffiliation,Author
18,1,2017,NoMatch,Unmatched,"Yale NUS Coll, 16 Coll Ave West, Singapore 138527, Singapore","Lai, Hao Ran"
18,1,2017,NoMatch,Unmatched,"Yale NUS Coll, 16 Coll Ave West, Singapore 138527, Singapore","van Breugel, Michiel"
19,1,2017,NoMatch,Unmatched,"POB 1431, Greeley, CO 80632 USA","Abbott, Ronald E."
21,1,2017,NoMatch,Unmatched,"Nara Womens Univ, Fac Sci, Nara 6308506, Japan","Wada, Yoko"
21,1,2017,NoMatch,Unmatched,"Nara Womens Univ, Fac Sci, Nara 6308506, Japan","Ida, Takashi Y."
21,1,2017,NoMatch,Unmatched,"Nara Womens Univ, Fac Sci, Nara 6308506, Japan","Yusa, Yoichi"
39,1,2017,NoMatch,Unmatched,"Univ Calif Santa Barbara, Santa Barbara, CA 93106 USA","Wilber, Mark Q."
39,1,2017,NoMatch,Unmatched,"Univ Calif Santa Barbara, Santa Barbara, CA 93106 USA","Briggs, Cheryl J."
177,1,2016,NoMatch,Unmatched,"Villanova Univ, Villanova, PA 19085 USA","Coldren, G. A."
177,1,2016,NoMatch,Unmatched,"Villanova Univ, Villanova, PA 19085 USA","Barreto, C. R."
177,1,2016,NoMatch,Unmatched,"Villanova Univ, Villanova, PA 19085 USA","Wykoff, D. D."
177,1,2016,NoMatch,Unmatched,"Villanova Univ, Villanova, PA 19085 USA","Langley, J. A."
177,1,2016,NoMatch,Unmatched,"Villanova Univ, Villanova, PA 19085 USA","Chapman, S. K."
223,1,2016,NoMatch,Unmatched,"Univ Toulouse 3, CNRS, UMR 5174, EDB, F-31062 Toulouse, France","Zavorka, Libor"
365,1,2016,NoMatch,Unmatched,"LEHNA, UMR 5023, F-69100 Villeurbanne, France","Cayuela, Hugo"
365,1,2016,NoMatch,Unmatched,"LEHNA, UMR 5023, F-69100 Villeurbanne, France","Boitaud, Sylvain"
365,1,2016,NoMatch,Unmatched,"LEHNA, UMR 5023, F-69100 Villeurbanne, France","Joly, Pierre"
367,1,2016,NoMatch,Unmatched,"Penn State Univ, Univ Pk, University Pk, PA 16802 USA","Rollinson, Christine R."
367,1,2016,NoMatch,Unmatched,"Penn State Univ, Univ Pk, University Pk, PA 16802 USA","Kaye, Margot W."
371,1,2016,NoMatch,Unmatched,"CSIC, EBD, Ave Amer Vespucio S-N, Seville 41092, Spain","Santoro, Simone"
371,1,2016,NoMatch,Unmatched,"CSIC, EBD, Ave Amer Vespucio S-N, Seville 41092, Spain","Green, Andy J."
371,1,2016,NoMatch,Unmatched,"CSIC, EBD, Ave Amer Vespucio S-N, Seville 41092, Spain","Figuerola, Jordi"
379,1,2016,NoMatch,Unmatched,"Arizona State Univ, Coll Letters & Sci, Mesa, AZ 85212 USA","Allen, Daniel C."
409,1,2016,NoMatch,Unmatched,"Myvatn Res Stn, IS-660 Myvatn, Iceland","Einarsson, Arni"
409,1,2016,NoMatch,Unmatched,"Myvatn Res Stn, IS-660 Myvatn, Iceland","Hauptfleisch, Ulf"
417,1,2016,NoMatch,Unmatched,"Simon Fraser Univ, IRMACS, Burnaby, BC V5A 1S6, Canada","Hurteau, Leslie A."
417,1,2016,NoMatch,Unmatched,"Simon Fraser Univ, IRMACS, Burnaby, BC V5A 1S6, Canada","Mooers, Arne O."
420,1,2016,NoMatch,Unmatched,"Univ Texas Austin, Austin, TX 78712 USA","Sikes, Benjamin A."
420,1,2016,NoMatch,Unmatched,"Univ Texas Austin, Austin, TX 78712 USA","Hawkes, Christine V."
423,1,2016,NoMatch,Unmatched,"Landcare Res, POB 69040, Lincoln 7640, New Zealand","Peltzer, Duane A."
429,1,2016,NoMatch,Unmatched,"Arizona State Univ, Coll Letters & Sci, Mesa, AZ 85212 USA","Allen, Daniel C."
489,1,2015,NoMatch,Unmatched,"Univ Lyon, F-69000 Lyon, France","Lardy, Sophie"
489,1,2015,NoMatch,Unmatched,"Univ Lyon, F-69000 Lyon, France","Allaine, Dominique"
489,1,2015,NoMatch,Unmatched,"Univ Lyon, F-69000 Lyon, France","Bonenfant, Christophe"
489,1,2015,NoMatch,Unmatched,"Univ Lyon, F-69000 Lyon, France","Cohas, Aurelie"
524,1,1980,NoMatch,Unmatched,NA,NA
525,1,1980,NoMatch,Unmatched,NA,NA
541,1,1980,NoMatch,Unmatched,NA,NA
567,1,1979,NoMatch,Unmatched,NA,NA
576,1,1979,NoMatch,Unmatched,NA,NA
580,1,1979,NoMatch,Unmatched," MICHIGAN STATE UNIV, E LANSING, MI 48823 USA","EVANS, FC"
628,1,1979,NoMatch,Unmatched,"UNIV SO CALIF,ALLAN HANCOCK FDN,LOS ANGELES,CA 90007","DEVITA, J"
629,1,1979,NoMatch,Unmatched,NA,NA
669,1,1979,NoMatch,Unmatched,NA,NA
676,1,1979,NoMatch,Unmatched," JUNIOR COLL ALBANY,ALBANY,NY 12208","SCOTT, JT"
681,1,1978,NoMatch,Unmatched,"YALE UNIV, NEW HAVEN, CT 06520 USA","BRUGAM, RB"
704,1,1978,NoMatch,Unmatched,NA,NA
717,1,1978,NoMatch,Unmatched,"UNIV CALIF BERKELEY,BERKELEY,CA 94720","PITT, MD"
717,1,1978,NoMatch,Unmatched,"UNIV CALIF BERKELEY,BERKELEY,CA 94720","HEADY, HF"
725,1,1978,NoMatch,Unmatched,NA,NA
741,1,1978,NoMatch,Unmatched,NA,NA
762,1,1978,NoMatch,Unmatched,NA,NA
763,1,1978,NoMatch,Unmatched,NA,NA
773,1,1978,NoMatch,Unmatched,NA,NA
797,1,1978,NoMatch,Unmatched,NA,NA
812,1,1977,NoMatch,Unmatched,NA,NA
814,1,1977,NoMatch,Unmatched,NA,NA
819,1,1977,NoMatch,Unmatched,NA,NA
827,1,1977,NoMatch,Unmatched,NA,NA
836,1,1977,NoMatch,Unmatched,NA,NA
838,1,1977,NoMatch,Unmatched,NA,NA
845,1,1977,NoMatch,Unmatched,NA,NA
855,1,1977,NoMatch,Unmatched,NA,NA
856,1,1977,NoMatch,Unmatched,"NO ARIZONA UNIV,FLAGSTAFF,AZ 86001","REICHMAN, OJ"
859,1,1977,NoMatch,Unmatched,NA,NA
862,1,1977,NoMatch,Unmatched,NA,NA
864,1,1977,NoMatch,Unmatched," TUSKEGEE INST,TUSKEGEE,AL 36088","STEPHENS, EP"
865,1,1977,NoMatch,Unmatched,"FLORIDA STATE UNIV,TALLAHASSEE,FL 32306","STRONG, DR"
884,1,1977,NoMatch,Unmatched,NA,NA
886,1,1977,NoMatch,Unmatched,NA,NA
888,1,1977,NoMatch,Unmatched,NA,NA
889,1,1977,NoMatch,Unmatched,NA,NA
891,1,1977,NoMatch,Unmatched,NA,NA
893,1,1977,NoMatch,Unmatched,NA,NA
918,1,1977,NoMatch,Unmatched,NA,NA
919,1,1977,NoMatch,Unmatched,NA,NA
920,1,1977,NoMatch,Unmatched,NA,NA
930,1,1977,NoMatch,Unmatched,NA,NA
943,1,1977,NoMatch,Unmatched,"UNIV OKLAHOMA,STOVALL MUSEUM,NORMAN,OK 73019","SCHNELL, GD"
952,1,1976,NoMatch,Unmatched,NA,NA
962,1,1976,NoMatch,Unmatched,NA,NA
963,1,1976,NoMatch,Unmatched,NA,NA
992,1,1976,NoMatch,Unmatched,NA,NA
999,1,1976,NoMatch,Unmatched,"UNIV ILLINOIS,CHAMPAIGN,IL 61820","KENDEIGH, SC"
1028,1,2014,NoMatch,Unmatched,"Athabasca Univ, Ctr Sci, Athabasca, AB T9S 3A3, Canada","Treu, Roland"
1030,1,2014,NoMatch,Unmatched,"Rothamsted Res, Harpenden AL5 2JQ, Herts, England","Reynolds, AM"
1034,1,2014,NoMatch,Unmatched,"Scion, Christchurch 8540, New Zealand","Brockerhoff, Eckehard G."
1043,1,2014,NoMatch,Unmatched,"Univ Massachusetts, Amherst, MA 01003 USA","Lavine, M"
1092,1,2014,NoMatch,Unmatched,"Univ Lyon, F-69000 Lyon, France","Dray, Stephane"
1092,1,2014,NoMatch,Unmatched,"Univ Lyon, F-69000 Lyon, France","Doledec, Sylvain"
1113,1,2014,NoMatch,Unmatched,"Univ Belgrade, Inst Multidisciplinary Res, Belgrade 11000, Serbia","Jaric, I"
1114,1,2014,NoMatch,Unmatched,"CEA ZA, Coquimbo 1781681, Chile","Rivadeneira, Marcelo M."
1117,1,2013,NoMatch,Unmatched,"Univ Calif Berkeley, Berkeley, CA 94720 USA","de Valpine, Perry"
1117,1,2013,NoMatch,Unmatched,"Univ Calif Berkeley, Berkeley, CA 94720 USA","Harmon-Threatt, Alexandra N."
1156,1,2013,NoMatch,Unmatched,"Nara Womens Univ, Fac Sci, Nara 630, Japan","Wada, Yoko"
1156,1,2013,NoMatch,Unmatched,"Nara Womens Univ, Fac Sci, Nara 630, Japan","Yusa, Yoichi"
1227,1,2013,NoMatch,Unmatched,"Univ Lyon, F-69000 Lyon, France","Douhard, Mathieu"
1227,1,2013,NoMatch,Unmatched,"Univ Lyon, F-69000 Lyon, France","Gaillard, Jean-Michel"
1227,1,2013,NoMatch,Unmatched,"Univ Lyon, F-69000 Lyon, France","Bonenfant, Christophe"
1262,1,2013,NoMatch,Unmatched,"Univ Sherbrooke, Sherbrooke, PQ J1K 2R1, Canada","Festa-Bianchet, M"
1265,1,2013,NoMatch,Unmatched,"Univ Lyon, UMR 5558, F-69622 Villeurbanne, France","Gaillard, JM"
1282,1,2013,NoMatch,Unmatched,"AT&T Labs Res, Florham Pk, NJ 07932 USA","Phillips, Steven J."
1319,1,2013,NoMatch,Unmatched,"Univ Chicago, Chicago, IL 60637 USA","Johnson, Leah R."
1331,1,2013,NoMatch,Unmatched,"Univ Lyon, F-69000 Lyon, France","Tafani, Marion"
1424,1,2012,NoMatch,Unmatched,"Univ Texas Austin, Patterson Labs, Austin, TX 78712 USA","Singer, Michael C."
1461,1,2012,NoMatch,Unmatched,"AUT Univ, Sch Appl Sci, Auckland, New Zealand","Cusens, Jarrod"
1461,1,2012,NoMatch,Unmatched,"AUT Univ, Sch Appl Sci, Auckland, New Zealand","McBride, Paul D."
1461,1,2012,NoMatch,Unmatched,"AUT Univ, Sch Appl Sci, Auckland, New Zealand","Gillman, Len N."
1474,1,2012,NoMatch,Unmatched,"Harvard Univ, Petersham, MA 01366 USA","Rapp, Joshua M."
1474,1,2012,NoMatch,Unmatched,"Harvard Univ, Petersham, MA 01366 USA","Silman, Miles R."
1486,1,2012,NoMatch,Unmatched,"Novia Univ Appl Sci, FI-10600 Ekenas, Finland","Byholm, Patrik"
1508,1,1976,NoMatch,Unmatched,"UNIV CALIF DAVIS,DAVIS,CA 95616","HANSON, CH"
1510,1,1976,NoMatch,Unmatched,NA,NA
1520,1,1976,NoMatch,Unmatched,NA,NA
1552,1,1976,NoMatch,Unmatched,NA,NA
1558,1,1976,NoMatch,Unmatched,NA,NA
1559,1,1976,NoMatch,Unmatched,NA,NA
1560,1,1976,NoMatch,Unmatched,NA,NA
1579,1,1975,NoMatch,Unmatched,NA,NA
1583,1,1975,NoMatch,Unmatched,NA,NA
1584,1,1975,NoMatch,Unmatched,NA,NA
1585,1,1975,NoMatch,Unmatched,NA,NA
1592,1,1975,NoMatch,Unmatched,"N CAROLINA STATE UNIV,RALEIGH,NC 27607","THORP, JH"
1592,1,1975,NoMatch,Unmatched,"N CAROLINA STATE UNIV,RALEIGH,NC 27607","BARTHALMUS, GT"
1594,1,1975,NoMatch,Unmatched,NA,NA
1595,1,1975,NoMatch,Unmatched,NA,NA
1599,1,1975,NoMatch,Unmatched,"GILBERT ASSOC INC,POB 1498,READING,PA 19603","GHISELIN, J"
1608,1,1975,NoMatch,Unmatched,NA,NA
1613,1,1975,NoMatch,Unmatched,NA,NA
1616,1,1975,NoMatch,Unmatched,NA,NA
1619,1,1975,NoMatch,Unmatched,"ROCKEFELLER UNIV,NEW YORK,NY 10021","LIEBERBURG, I"
1619,2,1975,NoMatch,Unmatched," BROWN UNIV,PROVIDENCE,RI 02912","SEIP, A"
1620,1,1975,NoMatch,Unmatched,"SUNY COLL, FREDONIA, NY 14063 USA","WOOD, KG"
1626,1,1975,NoMatch,Unmatched,NA,NA
1646,1,1975,NoMatch,Unmatched,NA,NA
1663,1,1975,NoMatch,Unmatched,"CORNELL UNIV,ITHACA,NY 14850","WHITTAKER, RH"
1673,1,1975,NoMatch,Unmatched,"ELECT COUNCIL,RES CTR,CAPENHURST,CHESTER,ENGLAND","GILROY, D"
1682,1,1975,NoMatch,Unmatched,NA,NA
1696,1,1975,NoMatch,Unmatched,NA,NA
1699,1,1975,NoMatch,Unmatched,"UNIV ARIZONA,TUCSON,AZ 85721","PULLIAM, HR"
1699,1,1975,NoMatch,Unmatched,"UNIV ARIZONA,TUCSON,AZ 85721","BRAND, MR"
1700,1,1975,NoMatch,Unmatched,NA,NA
1719,1,1975,NoMatch,Unmatched,NA,NA
1727,1,1975,NoMatch,Unmatched,"VIRGINIA POLYTECH INST & STATE UNIV, BLACKSBURG, VA 24060 USA","MARTIN, RE"
1727,1,1975,NoMatch,Unmatched,"VIRGINIA POLYTECH INST & STATE UNIV, BLACKSBURG, VA 24060 USA","MILLER, RL"
1727,1,1975,NoMatch,Unmatched,"VIRGINIA POLYTECH INST & STATE UNIV, BLACKSBURG, VA 24060 USA","CUSHWA, CT"
1740,1,1974,NoMatch,Unmatched,NA,NA
1749,1,1974,NoMatch,Unmatched,"ROCKEFELLER UNIV,NEW YORK,NY 10021","BAKER, MC"
1762,1,1974,NoMatch,Unmatched,"CORNELL UNIV,ITHACA,NY 14850","WALLACE, B"
1768,1,1974,NoMatch,Unmatched,NA,NA
1770,1,1974,NoMatch,Unmatched,NA,NA
1777,1,1974,NoMatch,Unmatched,NA,NA
1780,1,1974,NoMatch,Unmatched,NA,NA
1784,1,1974,NoMatch,Unmatched,NA,NA
1788,1,1974,NoMatch,Unmatched,NA,NA
1792,1,1974,NoMatch,Unmatched,NA,NA
1793,1,1974,NoMatch,Unmatched,NA,NA
1802,1,1974,NoMatch,Unmatched,NA,NA
1808,1,1974,NoMatch,Unmatched,NA,NA
1814,1,1974,NoMatch,Unmatched,NA,NA
1825,1,1974,NoMatch,Unmatched,NA,NA
1829,1,1974,NoMatch,Unmatched,NA,NA
1833,1,1974,NoMatch,Unmatched,NA,NA
1835,1,1974,NoMatch,Unmatched,NA,NA
1848,1,1974,NoMatch,Unmatched,NA,NA
1870,1,1974,NoMatch,Unmatched,"UNIV CALIF,DAVIS,CA 95616","BARBOUR, MG"
1870,1,1974,NoMatch,Unmatched,"UNIV CALIF,DAVIS,CA 95616","DIAZ, DV"
1870,1,1974,NoMatch,Unmatched,"UNIV CALIF,DAVIS,CA 95616","BREIDENBACH, RW"
1878,1,1974,NoMatch,Unmatched,NA,NA
1885,1,1974,NoMatch,Unmatched,"CORNELL UNIV,ITHACA,NY 14850","GAUCH, HG"
1885,1,1974,NoMatch,Unmatched,"CORNELL UNIV,ITHACA,NY 14850","CHASE, GB"
1886,1,1974,NoMatch,Unmatched,"CORNELL UNIV,ITHACA,NY 14850","GAUCH, HG"
1886,1,1974,NoMatch,Unmatched,"CORNELL UNIV,ITHACA,NY 14850","CHASE, GB"
1886,1,1974,NoMatch,Unmatched,"CORNELL UNIV,ITHACA,NY 14850","WHITTAKER, RH"
1895,1,1973,NoMatch,Unmatched,"NEW MEXICO HIGHLANDS UNIV,INST SCI RES,LAS VEGAS,NM 87701","OFARRELL, MJ"
1895,1,1973,NoMatch,Unmatched,"NEW MEXICO HIGHLANDS UNIV,INST SCI RES,LAS VEGAS,NM 87701","STUDIER, EH"
1905,1,1973,NoMatch,Unmatched,NA,NA
1911,1,1973,NoMatch,Unmatched,"UNIV CALIF,HASTINGS RESERVATION,CARMEL VALLEY,CA 93924","DAVIS, J"
1916,1,1973,NoMatch,Unmatched,NA,NA
1919,1,1973,NoMatch,Unmatched,"UNIV NEW MEXICO,ALBUQUERQUE,NM 87106","DITTMER, HJ"
1921,1,1973,NoMatch,Unmatched,NA,NA
1922,1,1973,NoMatch,Unmatched,NA,NA
1950,1,1973,NoMatch,Unmatched,"UNIV KANSAS,LAWRENCE,KS 66044","KUCHLER, AW"
1959,1,1973,NoMatch,Unmatched,"SUNY, PURCHASE, NY 10577 USA","UTTER, JM"
1959,1,1973,NoMatch,Unmatched," SO ILLINOIS UNIV, CARBONDALE, IL 62901 USA","LEFEBVRE, EA"
1962,1,1973,NoMatch,Unmatched,"CORNELL UNIV,ITHACA,NY 14850","GAUCH, HG"
1969,1,1973,NoMatch,Unmatched,"UNIV SUSSEX, BRIGHTON, ENGLAND","STROBECK, C"
1970,1,1973,NoMatch,Unmatched,NA,NA
1971,1,1973,NoMatch,Unmatched,"PRINCETON UNIV, PRINCETON, NJ 08540 USA","MACARTHUR, R"
1971,1,1973,NoMatch,Unmatched,"PRINCETON UNIV, PRINCETON, NJ 08540 USA","MACARTHUR, J"
1971,1,1973,NoMatch,Unmatched,"PRINCETON UNIV, PRINCETON, NJ 08540 USA","MACARTHUR, D"
1971,1,1973,NoMatch,Unmatched,"PRINCETON UNIV, PRINCETON, NJ 08540 USA","MACARTHUR, A"
1991,1,1973,NoMatch,Unmatched," UNIV TORONTO, SCARBOROUGH COLL, TORONTO, ONTARIO, CANADA","YARRANTON, GA"
1996,1,1973,NoMatch,Unmatched,NA,NA
1998,1,1973,NoMatch,Unmatched,NA,NA
2005,1,1973,NoMatch,Unmatched,NA,NA
2022,1,1973,NoMatch,Unmatched,"ARKANSAS STATE UNIV, STATE UNIVERSITY, AK 72467 USA","NICKERSON, MA"
2022,1,1973,NoMatch,Unmatched," DEPAUW UNIV, GREENCASTLE, IN 46135 USA","MAYS, CE"
2029,1,1973,NoMatch,Unmatched,NA,NA
2033,1,1973,NoMatch,Unmatched,NA,NA
2035,1,1973,NoMatch,Unmatched,NA,NA
2047,1,1973,NoMatch,Unmatched,"STERLING COLL,STERLING,KS 67579","TAYLOR, DL"
2191,1,1972,NoMatch,Unmatched,NA,NA
2196,1,1972,NoMatch,Unmatched,NA,NA
2548,1,2012,NoMatch,Unmatched,"Aarhus Univ, DK-8600 Silkeborg, Denmark","Damgaard, C"
2598,1,2012,NoMatch,Unmatched,"Rothamsted Res, Harpenden AL5 2JQ, Herts, England","Reynolds, AM"
2646,1,2012,NoMatch,Unmatched,"Kochi Univ, Grad Sch Kuroshio Sci, Kochi 7808520, Japan","Genkai-Kato, Motomi"
2683,1,2012,NoMatch,Unmatched,"Univ Colorado, Boulder, CO 80309 USA","Johnson, Pieter T. J."
2683,1,2012,NoMatch,Unmatched,"Univ Colorado, Boulder, CO 80309 USA","Preston, Daniel L."
2683,1,2012,NoMatch,Unmatched,"Univ Colorado, Boulder, CO 80309 USA","Hoverman, Jason T."
2683,1,2012,NoMatch,Unmatched,"Univ Colorado, Boulder, CO 80309 USA","Paull, Sara H."
2683,1,2012,NoMatch,Unmatched,"Univ Colorado, Boulder, CO 80309 USA","Richgels, Katherine L. D."
2683,1,2012,NoMatch,Unmatched,"Univ Colorado, Boulder, CO 80309 USA","Redmond, Miranda D."
2714,1,2011,NoMatch,Unmatched,"Weyerhaeuser Co, Federal Way, WA 98063 USA","Jones, Jay E."
2714,1,2011,NoMatch,Unmatched,"Weyerhaeuser Co, Federal Way, WA 98063 USA","Kroll, Andrew J."
2714,1,2011,NoMatch,Unmatched,"Weyerhaeuser Co, Federal Way, WA 98063 USA","Giovanini, Jack"
2714,1,2011,NoMatch,Unmatched,"Weyerhaeuser Co, Federal Way, WA 98063 USA","Duke, Steven D."
2718,1,2011,NoMatch,Unmatched,"Univ Calif Berkeley, Berkeley, CA 94720 USA","Blitzer, Eleanor J."
2718,1,2011,NoMatch,Unmatched,"Univ Calif Berkeley, Berkeley, CA 94720 USA","Welter, Stephen C."
2721,1,2011,NoMatch,Unmatched,"Univ Toronto, Toronto, ON M5S 3B2, Canada","McCauley, Shannon J."
2721,1,2011,NoMatch,Unmatched,"Univ Toronto, Toronto, ON M5S 3B2, Canada","Rowe, Locke"
2721,1,2011,NoMatch,Unmatched,"Univ Toronto, Toronto, ON M5S 3B2, Canada","Fortin, Marie-Josee"
2737,1,2011,NoMatch,Unmatched,"Univ Strasbourg, IPHC, F-67087 Strasbourg, France","Saraux, Claire"
2737,1,2011,NoMatch,Unmatched,"Univ Strasbourg, IPHC, F-67087 Strasbourg, France","Le Maho, Yvon"
2737,1,2011,NoMatch,Unmatched,"Univ Strasbourg, IPHC, F-67087 Strasbourg, France","Ropert-Coudert, Yan"
2762,1,2011,NoMatch,Unmatched,"Microsoft Res, Cambridge CB3 0FB, England","Williams, Richard J."
2762,1,2011,NoMatch,Unmatched,"Microsoft Res, Cambridge CB3 0FB, England","Purves, Drew W."
2796,1,2011,NoMatch,Unmatched,"Harvard Univ, Petersham, MA 01366 USA","Crone, Elizabeth E."
2810,1,2011,NoMatch,Unmatched,"Univ Calif Berkeley, Berkeley, CA 94720 USA","Eschtruth, Anne K."
2810,1,2011,NoMatch,Unmatched,"Univ Calif Berkeley, Berkeley, CA 94720 USA","Battles, John J."
2825,1,2011,NoMatch,Unmatched,"Princeton Univ, Princeton, NJ 08544 USA","Staver, A. Carla"
2825,1,2011,NoMatch,Unmatched,"Princeton Univ, Princeton, NJ 08544 USA","Levin, Simon"
2857,1,2011,NoMatch,Unmatched,"Univ Colorado, Boulder, CO 80309 USA","Johnson, Pieter T. J."
2857,1,2011,NoMatch,Unmatched,"Univ Colorado, Boulder, CO 80309 USA","Buller, Ian D."
2858,1,2011,NoMatch,Unmatched,"Univ Colorado, Boulder, CO 80309 USA","Goodman, Brett A."
2858,1,2011,NoMatch,Unmatched,"Univ Colorado, Boulder, CO 80309 USA","Johnson, Pieter T. J."
2864,1,2011,NoMatch,Unmatched,"Univ Potsdam, D-14469 Potsdam, Germany","Schiffers, Katja"
2864,1,2011,NoMatch,Unmatched,"Univ Potsdam, D-14469 Potsdam, Germany","Jeltsch, Florian"
2909,1,2011,NoMatch,Unmatched,"Univ Hawaii, Hilo, HI 96720 USA","Juvik, James O."
2909,1,2011,NoMatch,Unmatched,"Univ Hawaii, Hilo, HI 96720 USA","Rodomsky, Brett T."
2909,1,2011,NoMatch,Unmatched,"Univ Hawaii, Hilo, HI 96720 USA","Price, Jonathan P."
2909,1,2011,NoMatch,Unmatched,"Univ Hawaii, Hilo, HI 96720 USA","Hansen, Eric W."
2945,1,2010,NoMatch,Unmatched,"Univ Massachusetts, Amherst, MA 01003 USA","Lavine, M"
2957,1,2010,NoMatch,Unmatched,"Univ Calif Santa Cruz, Santa Cruz, CA 95060 USA","O'Leary, Jennifer K."
2975,1,2010,NoMatch,Unmatched,"Ryukoku Univ, Otsu, Shiga, Japan","Kondoh, Michio"
2975,1,2010,NoMatch,Unmatched,"Ryukoku Univ, Otsu, Shiga, Japan","Kato, Satoshi"
2975,1,2010,NoMatch,Unmatched,"Ryukoku Univ, Otsu, Shiga, Japan","Sakato, Yoshikuni"
3005,1,2010,NoMatch,Unmatched,"Univ Illinois, Chicago, IL 60607 USA","Howe, HF"
3040,1,2010,NoMatch,Unmatched,"Univ Calif Davis, Davis, CA 95616 USA","Strong, DR"
3041,1,2010,NoMatch,Unmatched,"Harvard Univ, Petersham, MA 01366 USA","Ellison, AM"
3044,1,2010,NoMatch,Unmatched,"AUT Univ, Sch Appl Sci, Auckland, New Zealand","Gillman, Len N."
3100,1,2010,NoMatch,Unmatched,"AT&T Labs Res, Florham Pk, NJ 07932 USA","Phillips, Steven J."
3127,1,2010,NoMatch,Unmatched,"CNRS, CEFE, F-34293 Montpellier 5, France","Coq, Sylvain"
3127,1,2010,NoMatch,Unmatched,"CNRS, CEFE, F-34293 Montpellier 5, France","Hattenschwiler, Stephan"
3134,1,2010,NoMatch,Unmatched,"Univ Paris 11, CNRS, UMR 7089, F-91405 Orsay, France","Gregory, Stephen D."
3134,1,2010,NoMatch,Unmatched,"Univ Paris 11, CNRS, UMR 7089, F-91405 Orsay, France","Courchamp, Franck"
3203,1,2010,NoMatch,Unmatched,"Monterey Bay Aquarium Res Inst, Moss Landing, CA 95039 USA","McClain, Craig R."
3203,1,2010,NoMatch,Unmatched,"Monterey Bay Aquarium Res Inst, Moss Landing, CA 95039 USA","Barry, James P."
3220,1,2010,NoMatch,Unmatched,"Texas A&M Univ, College Stn, TX 77843 USA","Stokes, C. J."
3220,1,2010,NoMatch,Unmatched,"Texas A&M Univ, College Stn, TX 77843 USA","Archer, S. R."
3221,1,2010,NoMatch,Unmatched,"Res Stn ART, Zurich, Switzerland","van der Heijden, Marcel G. A."
3222,1,2010,NoMatch,Unmatched,"Illinois State Museum, Res & Collect Ctr, Springfield, IL 62703 USA","Qian, Hong"
3236,1,2010,NoMatch,Unmatched,"Univ Notre Dame, Dept Sci, Notre Dame, IN 46556 USA","Iversen, Colleen M."
3236,1,2010,NoMatch,Unmatched,"Univ Notre Dame, Dept Sci, Notre Dame, IN 46556 USA","Bridgham, Scott D."
3236,1,2010,NoMatch,Unmatched,"Univ Notre Dame, Dept Sci, Notre Dame, IN 46556 USA","Kellogg, Laurie E."
3246,1,2010,NoMatch,Unmatched,"Syracuse Univ, Syracuse, NY 13244 USA","Murray, Tanya R."
3246,1,2010,NoMatch,Unmatched,"Syracuse Univ, Syracuse, NY 13244 USA","Frank, Douglas A."
3318,1,2010,NoMatch,Unmatched,"Univ Colorado, Boulder, CO 80309 USA","Johnson, Pieter T. J."
3322,1,2010,NoMatch,Unmatched,"Univ Calif Davis, Davis, CA 95616 USA","Wittmer, Heiko U."
3351,1,2009,NoMatch,Unmatched,"Charles Univ Prague, Ctr Theoret Study, Prague 11000 1, Czech Republic","Sizling, Arnost L."
3351,1,2009,NoMatch,Unmatched,"Charles Univ Prague, Ctr Theoret Study, Prague 11000 1, Czech Republic","Storch, David"
3407,1,2009,NoMatch,Unmatched,"Univ Lyon, F-69000 Lyon, France","Devillard, Sebastien"
3437,1,2009,NoMatch,Unmatched,"Univ Kansas, Lawrence, KS 66045 USA","Collins, Cathy D."
3437,1,2009,NoMatch,Unmatched,"Univ Kansas, Lawrence, KS 66045 USA","Foster, Bryan L."
3438,1,2009,NoMatch,Unmatched,"Univ Kansas, Lawrence, KS 66045 USA","Collins, Cathy D."
3438,1,2009,NoMatch,Unmatched,"Univ Kansas, Lawrence, KS 66045 USA","Foster, Bryan L."
3448,1,2009,NoMatch,Unmatched,"Landcare Res, Dunedin 9054, New Zealand","Kelly, D. W."
3448,1,2009,NoMatch,Unmatched,"Landcare Res, Dunedin 9054, New Zealand","Tompkins, D. M."
3506,1,2009,NoMatch,Unmatched,"Tulane Univ, New Orleans, LA 70118 USA","Smilanich, Angela M."
3555,1,2009,NoMatch,Unmatched,"Montana State Univ, Bozeman, MT 59717 USA","Bunn, Rebecca"
3555,1,2009,NoMatch,Unmatched,"Montana State Univ, Bozeman, MT 59717 USA","Zabinski, Catherine"
3564,1,2009,NoMatch,Unmatched,"Rothamsted Res, Harpenden AL5 2JQ, Herts, England","Reynolds, A. M."
3566,1,2009,NoMatch,Unmatched,"Univ Lancaster, Lancaster LA1 4YW, England","Wilson, K"
3570,1,2009,NoMatch,Unmatched,"Princeton Univ, Princeton, NJ 08544 USA","Dobson, A"
3640,1,2009,NoMatch,Unmatched,"SARDI, Henley Beach, SA 5022, Australia","Tanner, Jason E."
3645,1,2009,NoMatch,Unmatched,"Stanford Univ, Stanford, CA 94305 USA","Al-Khafaji, Karim"
3645,1,2009,NoMatch,Unmatched,"Stanford Univ, Stanford, CA 94305 USA","Tuljapurkar, Shripad"
3662,1,2009,NoMatch,Unmatched,"Univ Colorado, Boulder, CO 80309 USA","Johnson, Pieter T. J."
3683,1,2008,NoMatch,Unmatched,"McGill Univ, Ste Anne De Bellevue, PQ H9X 3V9, Canada","Landry-Cuerrier, M."
3683,1,2008,NoMatch,Unmatched,"McGill Univ, Ste Anne De Bellevue, PQ H9X 3V9, Canada","Humphries, M. M."
3702,1,2008,NoMatch,Unmatched,"Lillehammer Univ Coll, N-2604 Lillehammer, Norway","Tjorve, Even"
3702,1,2008,NoMatch,Unmatched,"Lillehammer Univ Coll, N-2604 Lillehammer, Norway","Tjorve, Kathleen M. Calf"
3737,1,2008,NoMatch,Unmatched,"Duke Univ, Durham, NC 27706 USA","Cunningham, CW"
3764,1,2008,NoMatch,Unmatched,"SAEON Ndlovu Node, ZA-1390 Phalaborwa, South Africa","Swemmer, Anthony M."
3764,1,2008,NoMatch,Unmatched,"SAEON Ndlovu Node, ZA-1390 Phalaborwa, South Africa","Knapp, Alan K."
3768,1,2008,NoMatch,Unmatched,"Univ Arizona, Tucson, AZ 85721 USA","Potts, Daniel L."
3768,1,2008,NoMatch,Unmatched,"Univ Arizona, Tucson, AZ 85721 USA","Cable, Jessica M."
3768,1,2008,NoMatch,Unmatched,"Univ Arizona, Tucson, AZ 85721 USA","Huxman, Travis E."
3784,1,2008,NoMatch,Unmatched,"Univ Rhode Isl, Kingston, RI 02881 USA","Preisser, Evan L."
3802,1,2008,NoMatch,Unmatched,"Pontificia Univ Catolica Chile, CASEB, Santiago 6513677, Chile","Lima, Mauricio"
3836,1,2008,NoMatch,Unmatched,"Rothamsted Res, Harpenden AL5 2JQ, Herts, England","Reynolds, A"
3841,1,2008,NoMatch,Unmatched,"Linkoping Univ, IFM, Linkoping, Sweden","Lindstroem, Tom"
3841,1,2008,NoMatch,Unmatched,"Linkoping Univ, IFM, Linkoping, Sweden","Westerberg, Lars"
3841,1,2008,NoMatch,Unmatched,"Linkoping Univ, IFM, Linkoping, Sweden","Wennergren, Uno"
3875,1,2008,NoMatch,Unmatched,"Univ Arizona, Tucson, AZ 85721 USA","Huxman, Travis E."
3875,1,2008,NoMatch,Unmatched,"Univ Arizona, Tucson, AZ 85721 USA","Barron-Gafford, Greg"
3875,1,2008,NoMatch,Unmatched,"Univ Arizona, Tucson, AZ 85721 USA","Gerst, Katharine L."
3875,1,2008,NoMatch,Unmatched,"Univ Arizona, Tucson, AZ 85721 USA","Angert, Amy L."
3875,1,2008,NoMatch,Unmatched,"Univ Arizona, Tucson, AZ 85721 USA","Tyler, Anna P."
3875,1,2008,NoMatch,Unmatched,"Univ Arizona, Tucson, AZ 85721 USA","Venable, D. Lawrence"
3889,1,2008,NoMatch,Unmatched,"Brown Univ, Providence, RI 02912 USA","Garcia, Erica A."
3935,1,2008,NoMatch,Unmatched,"Univ Calif Berkeley, Berkeley, CA 94720 USA","Klein, Alexandra-Maria"
3936,1,2008,NoMatch,Unmatched,"Univ Gottingen, D-37073 Gottingen, Germany","Tscharntke, Teja"
3936,1,2008,NoMatch,Unmatched,"Univ Gottingen, D-37073 Gottingen, Germany","Hoehn, Patrick"
3941,1,2008,NoMatch,Unmatched,"Monterey Bay Aquarium Res Inst, Moss Landing, CA 95039 USA","Ruhl, HA"
3955,1,2008,NoMatch,Unmatched,"Ctr Sci Monaco, Ave St Martin, MC-98000 Monaco, Monaco.","Hoogenboom, MO"
3961,1,2008,NoMatch,Unmatched,"Univ Calif Santa Barbara, Santa Barbara, CA 93106 USA","Yang, Louie H."
3994,1,2008,NoMatch,Unmatched,"Penn State Univ, University Pk, PA 16802 USA","Post, Eric S."
4001,1,2008,NoMatch,Unmatched,"Landcare Res, Lincoln 7640, New Zealand","Wiser, Susan K."
4001,1,2008,NoMatch,Unmatched,"Landcare Res, Lincoln 7640, New Zealand","Buxton, Rowan P."
4005,1,2008,NoMatch,Unmatched,"Gulf Maine Res Inst, Portland, ME 04101 USA","O'Connor, Nessa E."
4005,2,2008,NoMatch,Unmatched,"Gulf Maine Res Inst, Portland, ME 04101 USA","Ladwig, Laura M."
4043,1,2008,NoMatch,Unmatched,"Univ Aix Marseille 1, CNRS, UMR 6635, CEREGE, F-13545 Aix En Provence, France","Dufour, S."
4066,1,2007,NoMatch,Unmatched,"Harvard Univ, Petersham, MA 01366 USA","DeGasperis, Brian G."
4066,1,2007,NoMatch,Unmatched,"Harvard Univ, Petersham, MA 01366 USA","Motzkin, Glenn"
4079,1,2007,NoMatch,Unmatched,"Univ Calif Davis, Davis, CA 95616 USA","Rosenheim, JA"
4086,1,2007,NoMatch,Unmatched,"2125 Derring Hall, Blacksburg, VA 24061 USA.","Bonier, F"
4099,1,2007,NoMatch,Unmatched,"Univ Bourgogne, UMR, CNRS, F-21000 Dijon, France","Lagrue, C"
4099,1,2007,NoMatch,Unmatched,"Univ Bourgogne, UMR, CNRS, F-21000 Dijon, France","Kaldonski, N"
4099,1,2007,NoMatch,Unmatched,"Univ Bourgogne, UMR, CNRS, F-21000 Dijon, France","Perrot-Minnot, MJ"
4099,1,2007,NoMatch,Unmatched,"Univ Bourgogne, UMR, CNRS, F-21000 Dijon, France","Motreuil, B"
4099,1,2007,NoMatch,Unmatched,"Univ Bourgogne, UMR, CNRS, F-21000 Dijon, France","Bollache, L"
4118,1,2007,NoMatch,Unmatched,"IFP, 11 St Louis St, Pondicherry 605001, India.","Munoz, F"
4118,1,2007,NoMatch,Unmatched,"IFP, Pondicherry 605001, India","Couteron, P"
4153,1,2007,NoMatch,Unmatched,"Sogn Fjordane Univ Coll, Fac Sci, POB 133, N-6851 Sogndal, Norway.","Rydgren, K"
4157,1,2007,NoMatch,Unmatched," Episystems, St Paul, MN 55127 USA","Burlew, MM"
4158,2,2007,NoMatch,Unmatched,"Univ Toulouse 3, CNRS, UMR 5174, EDB, F-31062 Toulouse 9, France","Clobert, J"
4163,1,2007,NoMatch,Unmatched,"Reprint Dept, Washington, DC 20006 USA","Ellison, AM"
4174,1,2007,NoMatch,Unmatched,"Rothamsted Res, Harpenden AL5 2JQ, Herts, England.","Reynolds, AM"
4220,2,2007,NoMatch,Unmatched,"Univ St Andrews, Observ, St Andrews KY16 9LZ, Fife, Scotland","Gimenez, O"
4223,1,2007,NoMatch,Unmatched,"Duke Univ, Durham, NC 27706 USA","Jackson, RB"
4223,1,2007,NoMatch,Unmatched," Univ Colorado, Boulder, CO 80309 USA","Fierer, N"
4223,1,2007,NoMatch,Unmatched," Univ Calif Santa Barbara, Santa Barbara, CA 93106 USA","Schimel, JP"
4226,2,2007,NoMatch,Unmatched,"Univ Michigan, Ann Arbor, MI 48109 USA","Hobbie, JE"
4232,3,2007,NoMatch,Unmatched," CNRS, CEFE, UMR 5175, F-34293 Montpellier 5, France","Morgan, BJT"
4234,1,2007,NoMatch,Unmatched,"Illinois State Museum, Res & Collect Ctr, Springfield, IL 62703 USA","Qian, H"
4250,1,2007,NoMatch,Unmatched,NA,NA
4270,1,2007,NoMatch,Unmatched,"Monterey Bay Aquarium Res Inst, 7700 Sandholt Rd, Moss Landing, CA 95039 USA.","Ruhl, HA"
4271,1,2007,NoMatch,Unmatched,"Inst Rech Dev, BP 70, F-29280 Plouzane, France.","Vigliola, L"
4303,1,2007,NoMatch,Unmatched,"Univ Calif Santa Cruz, Santa Cruz, CA 95064 USA","Gilbert, GS"
4303,1,2007,NoMatch,Unmatched," Univ Calif Davis, Davis, CA 95616 USA","Strong, DR"
4308,1,2007,NoMatch,Unmatched,"Univ Calif Santa Cruz, 1156 High St, Santa Cruz, CA 95064 USA.","Gilbert, GS"
4333,1,2007,NoMatch,Unmatched,"5 Bis Rue Bonnard, F-34000 Montpellier, France.","Besnard, A"
4337,1,2007,NoMatch,Unmatched," Landcare Res, Lincoln 7640, New Zealand","Forsyth, DM"
4346,1,2007,NoMatch,Unmatched,"Univ Calif Davis, Davis, CA 95616 USA.","Macel, M"
4350,2,2007,NoMatch,Unmatched,"Silvermuuseet, S-93090 Arjeplog, Sweden","Delorme, S"
4354,1,2007,NoMatch,Unmatched," CNRS, CEFE, F-34293 Montpellier 05, France","Blondel, J"
4357,1,2007,NoMatch,Unmatched,"Harvard Univ, Petersham, MA 01366 USA","Fridley, JD"
4360,2,2007,NoMatch,Unmatched,"Univ Illinois, Chicago, IL 60607 USA","Wright, SJ"
4362,3,2007,NoMatch,Unmatched,"UNELLEZ, Guanare 3310A, Venezuela","Post, DM"
4384,2,2007,NoMatch,Unmatched," CNRS, UMR 7093, LOV, F-06238 Villefranche Sur Mer, France","Morales-Baquero, R"
4386,2,2007,NoMatch,Unmatched," Gainesville State Coll, Gainesville, GA 30503 USA","Lavers, CP"
4387,1,2006,NoMatch,Unmatched,"Harvard Univ, 324 N Main St, Petersham, MA 01366 USA.","Foster, DR"
4399,1,2006,NoMatch,Unmatched,"Univ Gottingen, D-37073 Gottingen, Germany","Tylianakis, JM"
4399,1,2006,NoMatch,Unmatched,"Univ Gottingen, D-37073 Gottingen, Germany","Tscharntke, T"
4399,1,2006,NoMatch,Unmatched,"Univ Gottingen, D-37073 Gottingen, Germany","Klein, AM"
4413,1,2006,NoMatch,Unmatched,"Illinois State Museum, Res & Collect Ctr, Springfield, IL 62703 USA","Qian, H"
4419,1,2006,NoMatch,Unmatched,"Univ Calif Davis, Davis, CA 95616 USA","Freestone, AL"
4425,2,2006,NoMatch,Unmatched," Humboldt State Univ, Arcata, CA 95521 USA","Sawyer, JO"
4443,1,2006,NoMatch,Unmatched,"Univ Calif Davis, Davis, CA 95616 USA","Freestone, AL"
4453,2,2006,NoMatch,Unmatched," Illinois State Museum, Res & Collect Ctr, Springfield, IL 62703 USA","Grimm, EC"
4465,4,2006,NoMatch,Unmatched," Mpala Res Ctr, Nanyuki, Kenya","Pringle, RM"
4469,1,2006,NoMatch,Unmatched,"Univ Calif Los Angeles, Los Angeles, CA 90024 USA","Nonacs, P"
4489,2,2006,NoMatch,Unmatched,"Univ Quebec, Rouyn Noranda, PQ J9X 5E4, Canada","Bergeron, Y"
4491,1,2006,NoMatch,Unmatched,"Rothamsted Res, Harpenden AL5 2JQ, Herts, England.","Mertens, SK"
4491,1,2006,NoMatch,Unmatched,"Rothamsted Res, Harpenden AL5 2JQ, Herts, England","Yearsley, JM"
4498,1,2006,NoMatch,Unmatched,"Brown Univ, Providence, RI 02912 USA","Sala, OE"
4498,1,2006,NoMatch,Unmatched," Duke Univ, Durham, NC 27706 USA","Jackson, RB"
4522,1,2006,NoMatch,Unmatched,"HT Harvey & Associates, 3150 Almaden Expressway,Suite 145, San Jose, CA 95118 USA.","Ainley, DG"
4533,1,2006,NoMatch,Unmatched," Univ Massachusetts, Amherst, MA 01003 USA","van der Heijden, MGA"
4542,1,2006,NoMatch,Unmatched," IBIF, Santa Cruz 6204, Bolivia","Bongers, F"
4547,2,2006,NoMatch,Unmatched," Harvard Univ, Petersham, MA 01366 USA","Orwig, D"
4561,1,2006,NoMatch,Unmatched," Univ Colorado, Univ Colorado Museum, Boulder, CO 80309 USA","Losos, JB"
4566,1,2006,NoMatch,Unmatched,"Harvard Univ, Cambridge, MA 02138 USA","Webb, CO"
4566,1,2006,NoMatch,Unmatched," Washington Univ, St Louis, MO 63130 USA","Losos, JB"
4566,1,2006,NoMatch,Unmatched," Cornell Univ, Ithaca, NY 14853 USA","Agrawal, AA"
4571,1,2006,NoMatch,Unmatched,"Univ Calif Davis, Davis, CA 95616 USA.","Holyoak, M"
4571,1,2006,NoMatch,Unmatched,"Univ Calif Davis, Davis, CA 95616 USA","Loreau, M"
4571,1,2006,NoMatch,Unmatched,"McGill Univ, Montreal, PQ H3A 2T5, Canada","Strong, D"
4573,1,2006,NoMatch,Unmatched,"McGill Univ, Redpath Museum, Montreal, PQ H3A 2K6, Canada","Bell, G"
4586,1,2006,NoMatch,Unmatched,"Univ Connecticut, Storrs, CT 06269 USA","Morales, JM"
4586,1,2006,NoMatch,Unmatched," Univ Colorado, Boulder, CO 80309 USA","Carlo, T'SA"
4587,1,2006,NoMatch,Unmatched,"Stanford Univ, Stanford, CA 94305 USA","Tuljapurkar, S"
4602,3,2006,NoMatch,Unmatched,"Univ Idaho, Moscow, ID 83844 USA","Strong, DR"
4615,1,2006,NoMatch,Unmatched,"AUT Univ, Div Appl Sci, Auckland, New Zealand","Gillman, LN"
4619,4,2006,NoMatch,Unmatched,"Univ Florida, Gainesville, FL 32611 USA","Hernandez, A"
4620,2,2006,NoMatch,Unmatched,"IBIF, Santa Cruz, Bolivia","Bongers, F"
4631,1,2006,NoMatch,Unmatched,NA,"Univ Florida, Dept Stat, US Geol Survey, Florida Integrated Sci Ctr, POB 110339, Gainesville, FL 32611 USA."
4655,6,2006,NoMatch,Unmatched,"St Briavels Common, Beechwood House, Lydney GL15 6SL, Glos, England","Hermy, M"
4660,1,2006,NoMatch,Unmatched," Landcare Res, Lincoln, New Zealand","Wardle, DA"
4661,1,2006,NoMatch,Unmatched," Univ Missouri, St Louis, MO 63121 USA","Clark, DA"
4672,1,2006,NoMatch,Unmatched,"Univ Lyon 1, CNRS, UMR 5023, 43 Bd 11 Novembre 1918, F-69622 Villeurbanne, France.","Malard, F"
4672,1,2006,NoMatch,Unmatched,"Univ Lyon 1, CNRS, UMR 5023, F-69622 Villeurbanne, France","Uehlinger, U"
4693,1,2006,NoMatch,Unmatched,NA,"Univ Vet Med, Inst Wildlife Ecol, Savoyenstr 1, A-1160 Vienna, Austria."
4698,1,2006,NoMatch,Unmatched,NA,"Univ Oslo, Dept Biol, POB 1027, N-0316 Oslo, Norway."
4707,1,2006,NoMatch,Unmatched,"Univ Oklahoma, Norman, OK 73019 USA","Luo, YQ"
4707,1,2006,NoMatch,Unmatched," Carnegie Inst Washington, Washington, DC 20005 USA","Field, CB"
4707,1,2006,NoMatch,Unmatched," Duke Univ, Durham, NC 27706 USA","Jackson, RB"
4713,1,2006,NoMatch,Unmatched,"Univ Nevada, Reno, NV 89557 USA","Johnson, DW"
4720,1,2006,NoMatch,Unmatched,"Univ Sydney, Sydney, NSW 2006, Australia","Brown, GP"
4720,1,2006,NoMatch,Unmatched,"Univ Sydney, Sydney, NSW 2006, Australia","Shine, R"
4725,1,2006,NoMatch,Unmatched," Colorado State Univ, Grad Degree Program, Ft Collins, CO 80523 USA","Skagen, SK"
4732,1,2006,NoMatch,Unmatched,"Evergreen State Coll, 2700 Evergreen Pkwy NW,Lab 1, Olympia, WA 98505 USA.","LeRoy, CJ"
4732,1,2006,NoMatch,Unmatched,"Evergreen State Coll, Olympia, WA 98505 USA","Whitham, TG"
4733,1,2005,NoMatch,Unmatched,"Univ Wisconsin, Madison, WI 53706 USA","Ives, AR"
4733,1,2005,NoMatch,Unmatched," Cornell Univ, Ithaca, NY 14853 USA","Agrawal, AA"
4737,2,2005,NoMatch,Unmatched," Univ Canterbury, Christchurch 8001, New Zealand","Sheppard, AW"
4753,1,2005,NoMatch,Unmatched,"Univ Gottingen, D-37073 Gottingen, Germany","Tylianakis, JM"
4753,1,2005,NoMatch,Unmatched,"Univ Gottingen, D-37073 Gottingen, Germany","Klein, AM"
4753,1,2005,NoMatch,Unmatched,"Univ Gottingen, D-37073 Gottingen, Germany","Tscharntke, T"
4755,1,2005,NoMatch,Unmatched," Stanford Univ, Stanford, CA 94305 USA","Tuljapurkar, S"
4757,3,2005,NoMatch,Unmatched,"Warren Wilson Coll, Asheville, NC 28815 USA","Megonigal, JP"
4761,1,2005,NoMatch,Unmatched,NA,"Swedish Univ Agr Sci, Dept Aquaculture, SE-90183 Umea, Sweden."
4765,1,2005,NoMatch,Unmatched,"Landcare Res, Dunedin, New Zealand","Efford, MG"
4766,2,2005,NoMatch,Unmatched,"CNRS, CEFE, F-34293 Montpellier, France","Jenni, L"
4769,1,2005,NoMatch,Unmatched,"Univ Calif Davis, Davis, CA 95616 USA","Stamps, J"
4790,2,2005,NoMatch,Unmatched," Univ Fed Parana, Dept Fis, BR-81531990 Curitiba, Parana, Brazil","Viswanathan, GM"
4790,2,2005,NoMatch,Unmatched," Univ Fed Alagoas, Dept Fis, BR-57072970 Maceio, AL, Brazil","Catalan, J"
4795,1,2005,NoMatch,Unmatched," Direct Rech Faune, Quebec City, PQ G1R 5V7, Canada","Ouellet, JP"
4806,1,2005,NoMatch,Unmatched,NA,"Natl Environm Res Inst, Dept Arctic Environm, Frederiksborgvej 399,POB 358, DK-4000 Roskilde, Denmark."
4817,1,2005,NoMatch,Unmatched,"Univ Sydney, Sydney, NSW 2006, Australia","Brown, GP"
4817,1,2005,NoMatch,Unmatched,"Univ Sydney, Sydney, NSW 2006, Australia","Shine, R"
4826,1,2005,NoMatch,Unmatched,"Univ Calif Irvine, Irvine, CA 92717 USA","Hawkins, BA"
4826,1,2005,NoMatch,Unmatched," Cornell Univ, Ithaca, NY 14853 USA","Agrawal, AA"
4846,1,2005,NoMatch,Unmatched,NA,"Univ Michigan, Dept Ecol & Evolutionary Biol, Ann Arbor, MI 48109 USA."
4852,1,2005,NoMatch,Unmatched,NA,"EAWAG, Swiss Fed Inst Environm Sci & Technol, CH-6047 Kastanienbaum, Switzerland."
4857,1,2005,NoMatch,Unmatched,"Univ Toronto, Toronto, ON, Canada","Fortin, MJ"
4857,1,2005,NoMatch,Unmatched,"Univ Toronto, Toronto, ON, Canada","Agrawal, AA"
4864,1,2005,NoMatch,Unmatched,NA,"Univ Calif Santa Barbara, Dept Ecol Evolut & Marine Biol, Santa Barbara, CA 93106 USA."
4879,2,2005,NoMatch,Unmatched,"Univ Lyon 1, UMR 5558, F-69622 Villeurbanne, France","Tustin, KG"
4890,1,2005,NoMatch,Unmatched,"Montana State Univ, Bozeman, MT 59717 USA","Graumlich, LJ"
4891,1,2005,NoMatch,Unmatched,"Emory Univ, Vaccine Res Ctr, 954 Gatewood Dr, Atlanta, GA 30329 USA.","Hairston, NG"
4899,1,2005,NoMatch,Unmatched,"Univ Vermont, Burlington, VT 05405 USA.","Gotelli, NJ"
4902,1,2005,NoMatch,Unmatched,NA,"McGill Univ, Redpath Museum, 859 Sherbrooke St W, Montreal, PQ H3A 2K6, Canada."
4918,1,2005,NoMatch,Unmatched,"Gulf Maine Res Inst, 350 Commercial St, Portland, ME 04101 USA.","Grabowski, JH"
4940,2,2005,NoMatch,Unmatched," HS Sygeplejerskeuddannelsen, DK-2400 Copenhagen, Denmark","Bay, C"
4949,1,2005,NoMatch,Unmatched,"Univ Sydney, Sydney, NSW 2006, Australia.","Langkilde, T"
4949,1,2005,NoMatch,Unmatched,"Univ Sydney, Sydney, NSW 2006, Australia","Lance, VA"
4960,1,2005,NoMatch,Unmatched,NA,"Univ N Carolina, Dept Biol, CB 3280,Coker Hall, Chapel Hill, NC 27599 USA."
4961,3,2005,NoMatch,Unmatched," Texas Tech Univ, Museum, Lubbock, TX 79409 USA","Willig, MR"
4976,1,2005,NoMatch,Unmatched,NA,"Univ Alberta, Dept Biol Sci, Edmonton, AB T6G 2E9, Canada."
4982,1,2005,NoMatch,Unmatched,"French Inst Pondicherry, 11 St Louis St, Pondicherry 605001, India.","Couteron, P"
4993,1,2005,NoMatch,Unmatched,"Lang Railsback & Associates, 250 Calif Ave, Arcata, CA 95521 USA.","Railsback, SF"
4993,1,2005,NoMatch,Unmatched,"Lang Railsback & Associates, Arcata, CA 95521 USA","Harvey, BC"
4995,1,2005,NoMatch,Unmatched,"Landcare Res, Lincoln 8152, New Zealand","Richardson, SJ"
4995,1,2005,NoMatch,Unmatched,"Landcare Res, Lincoln 8152, New Zealand","Allen, RB"
4995,1,2005,NoMatch,Unmatched,"Landcare Res, Lincoln 8152, New Zealand","Whitehead, D"
4995,1,2005,NoMatch,Unmatched,"Landcare Res, Lincoln 8152, New Zealand","Carswell, FE"
4995,1,2005,NoMatch,Unmatched,"Landcare Res, Lincoln 8152, New Zealand","Ruscoe, WA"
4995,1,2005,NoMatch,Unmatched,"Landcare Res, Lincoln 8152, New Zealand","Platt, KH"
5007,1,2005,NoMatch,Unmatched,"Cornell Univ, Ithaca, NY 14853 USA.","Wrege, PH"
5020,1,2005,NoMatch,Unmatched,NA,"Univ Pretoria, Dept Zool & Entomol, Conservat Ecol Res Unit, ZA-0002 Pretoria, South Africa."
5035,1,2005,NoMatch,Unmatched,"Texas A&M Univ, College Stn, TX 77843 USA","Wilcox, BP"
5038,3,2005,NoMatch,Unmatched,"Colorado State Univ, Ft Collins, CO 80523 USA","Barger, N"
5039,1,2005,NoMatch,Unmatched,"Univ Arizona, Tucson, AZ 85721 USA.","Huxman, TE"
5048,1,2005,NoMatch,Unmatched,NA,"Univ Bergen, Dept Biol, N-5007 Bergen, Norway."
5060,1,2005,NoMatch,Unmatched,"Univ Calif Davis, Davis, CA 95616 USA","Stamps, JA"
5063,1,2005,NoMatch,Unmatched,"Univ Quebec, Montreal, PQ H3C 3P8, Canada","Dubois, FD"
5063,1,2005,NoMatch,Unmatched,"Univ Quebec, Montreal, PQ H3C 3P8, Canada","Giraldeau, LA"
5064,1,2005,NoMatch,Unmatched,"Landcare Res, Dunedin, New Zealand","Lee, WG"
5064,3,2005,NoMatch,Unmatched,"Kansas State Univ, Manhattan, KS 66506 USA","Johnson, LC"
5065,1,2005,NoMatch,Unmatched,"Landcare Res, Canterbury 8152, New Zealand","Richardson, SJ"
5065,1,2005,NoMatch,Unmatched,"Landcare Res, Canterbury 8152, New Zealand","Peltzer, DA"
5065,1,2005,NoMatch,Unmatched,"Landcare Res, Canterbury 8152, New Zealand","Allen, RB"
5065,1,2005,NoMatch,Unmatched,"Landcare Res, Canterbury 8152, New Zealand","McGlone, MS"
5072,1,2005,NoMatch,Unmatched,"Univ Calif Santa Barbara, Santa Barbara, CA 93106 USA.","HilleRisLambers, J"
5093,1,2004,NoMatch,Unmatched,NA,"Univ N Carolina, Dept Biol, CB 3280, Chapel Hill, NC 27599 USA."
5094,1,2004,NoMatch,Unmatched,NA,"Acad Sci Czech Republic, Inst Bot, CZ-25243 Pruhonice, Czech Republic."
5118,1,2004,NoMatch,Unmatched,NA,"Univ New S Wales, Sch Biol Earth & Environm Sci, Sydney, NSW 2052, Australia."
5173,1,2004,NoMatch,Unmatched,"Duke Univ, Durham, NC 27706 USA","Jackson, RB"
5173,1,2004,NoMatch,Unmatched," Princeton Univ, Princeton, NJ 08544 USA","Hedin, LO"
5182,1,2004,NoMatch,Unmatched," Parks Canada, Winnipeg, MB R3B 0R9, Canada","Wilmshurst, JF"
5183,1,2004,NoMatch,Unmatched,"Univ Connecticut, 75 N Eagleville Rd, Storrs, CT 06269 USA.","Morales, JM"
5187,2,2004,NoMatch,Unmatched,"Univ New England, Armidale, NSW 2351, Australia","Porter, JL"
5191,1,2004,NoMatch,Unmatched,NA,"Aarhus Univ, Dept Systemat Bot, Herbarium, Bldg 137,Univ Pk, DK-8000 Aarhus C, Denmark."
5198,3,2004,NoMatch,Unmatched,"Old Mill High Sch, Millersville, MD 21108 USA","Finke, DL"
5215,1,2004,NoMatch,Unmatched,NA,"Wildlife Conservat Soc, Africa Program, 2300 So Blvd, Bronx, NY 10460 USA."
5230,1,2004,NoMatch,Unmatched,NA,"Univ New Mexico, Dept Biol, Albuquerque, NM 87131 USA."
5242,1,2004,NoMatch,Unmatched,NA,"Univ New Mexico, Dept Biol, Albuquerque, NM 87131 USA."
5243,1,2004,NoMatch,Unmatched," Univ Calif Santa Barbara, Santa Barbara, CA 93106 USA","Costello, CJ"
5260,3,2004,NoMatch,Unmatched," Univ Studies Svalbard, UNIS, N-9170 Longyearbyen, Spitzbergen, Norway","Langvatn, R"
5262,1,2004,NoMatch,Unmatched,NA,"Univ Paris 06, CNRS, Ecol Lab, 7 Quai St Bernard,Case 237, F-75252 Paris 05, France."
5266,1,2004,NoMatch,Unmatched,"Univ Georgia, Athens, GA 30602 USA","Irwin, RE"
5266,1,2004,NoMatch,Unmatched," Virginia Tech, Blacksburg, VA USA","Adler, LS"
5266,1,2004,NoMatch,Unmatched," Univ Toronto, Toronto, ON, Canada","Agrawal, AA"
5277,3,2004,NoMatch,Unmatched," Mpala Res Ctr, Nanyuki, Kenya","Ogada, DL"
5287,1,2004,NoMatch,Unmatched,"Univ Sydney, Sydney, NSW 2006, Australia","Brown, GP"
5287,1,2004,NoMatch,Unmatched,"Univ Sydney, Sydney, NSW 2006, Australia","Shine, R"
5293,1,2004,NoMatch,Unmatched,NA,"CNRS, Ctr Ecol Fonct & Evolut, 1919 Route Mende, F-34293 Montpellier 5, France."
5301,1,2004,NoMatch,Unmatched,"Univ Oslo, Oslo, Norway","Hessen, DO"
5330,2,2004,NoMatch,Unmatched,"Univ Idaho, Moscow, ID 83844 USA","Dennis, B"
5341,1,2004,NoMatch,Unmatched,"Univ Massachusetts, 102 Fernald Hall,270 Stockbridge Rd, Amherst, MA 01003 USA.","Baker, MB"
5356,1,2004,NoMatch,Unmatched," Mpala Res Ctr, Nanyuki, Kenya","Karban, R"
5359,1,2004,NoMatch,Unmatched,NA,"Colorado State Univ, Dept Biol, Ft Collins, CO 80523 USA."
5364,2,2004,NoMatch,Unmatched,"Truman State Univ, Div Sci, Kirksville, MO 63501 USA","Martin, WD"
5370,1,2004,NoMatch,Unmatched,"Sheldon Jackson Coll, 801 Lincoln St, Sitka, AK 99835 USA.","Schnurr, JL"
5370,1,2004,NoMatch,Unmatched,"Sheldon Jackson Coll, Sitka, AK 99835 USA","Canham, CD"
5382,1,2004,NoMatch,Unmatched,"Univ Lyon 1, CNRS, UMR 5023, F-69622 Villeurbanne, France","Elger, A"
5382,1,2004,NoMatch,Unmatched,"Univ Lyon 1, CNRS, UMR 5023, F-69622 Villeurbanne, France","Bornette, G"
5382,1,2004,NoMatch,Unmatched,"Univ Lyon 1, CNRS, UMR 5023, F-69622 Villeurbanne, France","Barrat-Segretain, MH"
5382,1,2004,NoMatch,Unmatched,"Univ Lyon 1, CNRS, UMR 5023, F-69622 Villeurbanne, France","Amoros, C"
5386,1,2004,NoMatch,Unmatched,NA,"Colorado State Univ, Dept Biol, Ft Collins, CO 80523 USA."
5407,4,2004,NoMatch,Unmatched," URACCAN, Bluefields, Nicaragua","Ruiz, J"
5408,1,2004,NoMatch,Unmatched,"Univ Louisiana, Lafayette, LA USA","Mopper, S"
5408,1,2004,NoMatch,Unmatched," Univ Toronto, Toronto, ON, Canada","Agrawal, AA"
5434,1,2004,NoMatch,Unmatched,"Univ Autonoma Barcelona, Grp Fis Estadist, Dept Fis, Bellaterra 08193, Spain","Ortega-Cejas, V"
5434,1,2004,NoMatch,Unmatched," Univ Girona, Dept Fis, Girona 17071, Catalonia, Spain","Fort, J"
5438,1,2003,NoMatch,Unmatched,NA,"Univ Calif Irvine, Dept Ecol & Evolut Biol, Irvine, CA 92697 USA."
5444,1,2003,NoMatch,Unmatched,NA,"Columbia Univ, Dept Ecol Evolut & Environm Biol, 1200 Amsterdam Ave, New York, NY 10027 USA."
5510,1,2003,NoMatch,Unmatched,NA,"Canadian Wildlife Serv, Species Risk Branch, Pl Vincent Massey,4th Floor,351 St Joseph Blvd, Ottawa, ON K1A 0H3, Canada."
5515,1,2003,NoMatch,Unmatched,"Univ New England, Armidale, NSW 2351, Australia","Jenkins, KM"
5515,1,2003,NoMatch,Unmatched,"Univ New England, Armidale, NSW 2351, Australia","Boulton, AJ"
5518,2,2003,NoMatch,Unmatched,"Univ Utrecht, NL-3508 TB Utrecht, Netherlands","During, HJ"
5518,3,2003,NoMatch,Unmatched,"Catholic Univ Nijmegen, NL-6525 ED Nijmegen, Netherlands","De Kroon, H"
5548,1,2003,NoMatch,Unmatched,"Rose Hulman Inst Technol, Terre Haute, IN USA","Cain, ML"
5548,1,2003,NoMatch,Unmatched," Ben Gurion Univ Negev, IL-84105 Beer Sheva, Israel","Nathan, R"
5548,1,2003,NoMatch,Unmatched," Princeton Univ, Princeton, NJ 08544 USA","Levin, SA"
5551,2,2003,NoMatch,Unmatched,"Catholic Univ Nijmegen, NL-6651 JN Druten, Netherlands","Neubert, MG"
5554,1,2003,NoMatch,Unmatched,"Museu Paraense Emilio Goeldi, Belem, Para, Brazil","Fragoso, JMV"
5557,1,2003,NoMatch,Unmatched,NA,"Univ Magdalena, Programa Biol, Apartado Aereo 1122, Santa Marta, Colombia."
5572,1,2003,NoMatch,Unmatched,"Univ Utrecht, NL-3508 TC Utrecht, Netherlands","Venterink, HO"
5572,1,2003,NoMatch,Unmatched,"Univ Utrecht, NL-3508 TC Utrecht, Netherlands","Wassen, MJ"
5572,1,2003,NoMatch,Unmatched,"Univ Utrecht, NL-3508 TC Utrecht, Netherlands","Verkroost, AWM"
5572,1,2003,NoMatch,Unmatched,"Univ Utrecht, NL-3508 TC Utrecht, Netherlands","de Ruiter, PC"
5590,2,2003,NoMatch,Unmatched," Luontotutkimus Solonen Oy, FIN-00960 Helsinki, Finland","Solonen, T"
5601,1,2003,NoMatch,Unmatched,"Duke Univ, Durham, NC 27706 USA","Clark, JS"
5623,3,2003,NoMatch,Unmatched,"Univ Bayreuth, D-95440 Bayreuth, Germany","Schulze, ED"
5629,1,2003,NoMatch,Unmatched,NA,"Univ Calif Irvine, Dept Ecol & Evolutionary Biol, Irvine, CA 92697 USA."
5632,1,2003,NoMatch,Unmatched,"Yale Univ, New Haven, CT 06520 USA","Schmitz, OJ"
5632,2,2003,NoMatch,Unmatched," Univ Toronto, Toronto, ON, Canada","Agrawal, AA"
5658,1,2003,NoMatch,Unmatched,"Univ Calif Davis, Davis, CA 95616 USA","Phillips, DA"
5658,1,2003,NoMatch,Unmatched,"Univ Calif Davis, Davis, CA 95616 USA","Strong, DR"
5661,1,2003,NoMatch,Unmatched,"Univ Calif Davis, Davis, CA 95616 USA","Denison, RF"
5668,1,2003,NoMatch,Unmatched,NA,"Oulu Univ, Dept Biol, Linnanma PL 3000, FIN-90014 Oulu, Finland."
5685,1,2003,NoMatch,Unmatched,"Reprint Dept, Washington, DC 20006 USA","Agrawal, AA"
5697,4,2003,NoMatch,Unmatched,"Iowa State Univ Sci & Technol, Ames, IA 50011 USA","Levey, DJ"
5706,1,2003,NoMatch,Unmatched,"Aqua Restorat Res Ctr, Gifu 5016021, Japan","Kawaguchi, Y"
5707,1,2003,NoMatch,Unmatched,"H T Harvey & Associates, 3150 Almaden Expressway,Suite 145, San Jose, CA 95118 USA.","Ainley, DG"
5707,1,2003,NoMatch,Unmatched,"H T Harvey & Associates, San Jose, CA 95118 USA","Ford, RG"
5718,1,2003,NoMatch,Unmatched," Truman State Univ, Kirksville, MO 63501 USA","Tonkel, K"
5734,1,2003,NoMatch,Unmatched," Univ Calif Davis, Davis, CA 95616 USA","Richards, JH"
5735,1,2003,NoMatch,Unmatched,NA,"US Forest Serv, USDA, NE Res Stn, RR1 Box 779, Campton, NH 03223 USA."
5740,1,2003,NoMatch,Unmatched," Acquired Intelligence Inc, Jericho, VT 05465 USA","Entsminger, GL"
5743,1,2003,NoMatch,Unmatched,NA,"Duke Univ, Dept Biol, Durham, NC 27708 USA."
5762,1,2003,NoMatch,Unmatched,NA,"IRD, UMR BotAnique & Bioinformat & Architecture Plante, TA40 PS2, F-34398 Montpellier 05, France."
5763,2,2003,NoMatch,Unmatched," Adapt Dynam Network, Int Inst Appl Syst Anal, A-2361 Laxenburg, Austria","Dieckmann, U"
5777,1,2002,NoMatch,Unmatched,"596A Mt Pleasant Rd, Toronto, ON M4S 2M8, Canada.","Siska, EL"
5785,3,2002,NoMatch,Unmatched,"Parc Naziunal Svizzer, CH-7530 Zernez, Switzerland","Aanes, R"
5821,1,2002,NoMatch,Unmatched,"Cornell Univ, Ithaca, NY 14853 USA.","Uriarte, M"
5821,1,2002,NoMatch,Unmatched,"Cornell Univ, Ithaca, NY 14853 USA","Canham, CD"
5832,1,2002,NoMatch,Unmatched,NA,"Harvard Univ, Div Engn & Appl Sci, Cambridge, MA 02138 USA."
5834,1,2002,NoMatch,Unmatched,"Univ Sydney, Sydney, NSW 2006, Australia","Shine, R"
5834,1,2002,NoMatch,Unmatched,"Univ Sydney, Sydney, NSW 2006, Australia","Barrott, EG"
5834,1,2002,NoMatch,Unmatched,"Univ Sydney, Sydney, NSW 2006, Australia","Elphick, MJ"
5861,1,2002,NoMatch,Unmatched,NA,"UIB, IMEDEA, CSIC, Inst Mediterrani Estudis Avancats, Esporles 07190, Mallorca, Spain."
5903,1,2002,NoMatch,Unmatched,"Lang Railsback & Associates, Arcata, CA 95521 USA","Railsback, SF"
5918,2,2002,NoMatch,Unmatched," Bates Coll, Lewiston, ME 04240 USA","Palmiotto, PA"
5924,1,2002,NoMatch,Unmatched,"Univ Calif Davis, Davis, CA 95616 USA","Graham, MH"
5924,2,2002,NoMatch,Unmatched," Oregon State Univ, Corvallis, OR 97331 USA","Hixon, MA"
5926,1,2002,NoMatch,Unmatched,NA,"Oregon State Univ, Dept Zool, Corvallis, OR 97331 USA."
5933,1,2002,NoMatch,Unmatched,"Sogn & Fjordane Univ Coll, Fac Sci, POB 133, N-6851 Sogndal, Norway.","Rydgren, K"
5945,1,2002,NoMatch,Unmatched,"Cornell Univ, Ithaca, NY 14850 USA","Bernhardt, ES"
5964,1,2002,NoMatch,Unmatched,"Univ Montpellier 2, EPHE, F-34095 Montpellier 5, France","Prodon, R"
5964,2,2002,NoMatch,Unmatched," Univ Paris 06, Lab Arago, URA CNRS 2156, F-66651 Banyuls sur Mer, France","Dejaifve, PA"
5983,1,2002,NoMatch,Unmatched,NA,"Univ London Imperial Coll Sci Technol & Med, Dept Biol Sci, Silwood Pk, Ascot SL5 7PY, Berks, England."
5998,1,2002,NoMatch,Unmatched,"James Cook Univ N Queensland, Cooperat Res Ctr, Townsville, Qld 4811, Australia","De'Ath, G"
6004,1,2002,NoMatch,Unmatched," Illinois State Museum Res & Collect Ctr, Springfield, IL 62703 USA","Grimm, EC"
6012,2,2002,NoMatch,Unmatched," Columbia Univ, New York, NY 10027 USA","Cohen, JE"
6014,1,2002,NoMatch,Unmatched,"Evergreen State Coll, Olympia, WA 98505 USA","Longino, JT"
6015,1,2002,NoMatch,Unmatched,NA,"Natl Ctr Ecol Anal & Synthesis, 735 State St,Suite 300, Santa Barbara, CA 93101 USA."
6029,1,2002,NoMatch,Unmatched,"Colorado State Univ, Ft Collins, CO 80523 USA","Burke, IC"
6029,1,2002,NoMatch,Unmatched,"Colorado State Univ, Ft Collins, CO 80523 USA","Lauenroth, WK"
6052,1,2002,NoMatch,Unmatched," W Incorp, Laramie, WY 82070 USA","Sanderson, JG"
6066,1,2002,NoMatch,Unmatched,NA,"Univ Oklahoma, Dept Zool, Norman, OK 73019 USA."
6082,1,2001,NoMatch,Unmatched,NA,"Univ Grenoble 1, UMR CNRS UJF 5553, Lab Biol Populat Altitude, BP 53, F-38041 Grenoble, France."
6105,1,2001,NoMatch,Unmatched,NA,"Iowa State Univ Sci & Technol, Dept Zool & Genet, 339 Sci 2, Ames, IA 50011 USA."
6128,1,2001,NoMatch,Unmatched,"Univ Connecticut, Storrs, CT 06269 USA","Montgomery, RA"
6128,1,2001,NoMatch,Unmatched,"Univ Connecticut, Storrs, CT 06269 USA","Chazdon, RL"
6162,1,2001,NoMatch,Unmatched,"Landcare Res New Zealand, Hamilton, New Zealand","Leathwick, JR"
6170,1,2001,NoMatch,Unmatched,"Fresh Pond Res Inst, Cambridge, MA 02140 USA","Orzack, SH"
6213,1,2001,NoMatch,Unmatched," ETH Zurich, CH-8092 Zurich, Switzerland","Mutikainen, P"
6222,1,2001,NoMatch,Unmatched,"Univ Oregon, Charleston, OR 97420 USA","Moran, AL"
6228,1,2001,NoMatch,Unmatched,NA,"Univ Massachusetts, Dept Math & Stat, Amherst, MA 01003 USA."
6247,1,2001,NoMatch,Unmatched,"Massachusetts Audubon Soc, 153 Hummock Pond Rd, Nantucket, MA 02554 USA.","Steinauer, EM"
6252,1,2001,NoMatch,Unmatched,"Univ Wisconsin, Madison, WI 53706 USA","Wallin, KF"
6252,1,2001,NoMatch,Unmatched,"Univ Wisconsin, Madison, WI 53706 USA","Raffa, KF"
6259,1,2001,NoMatch,Unmatched,"Univ Lyon 1, CNRS, UMR 5558, F-69622 Villeurbanne, France","Aubry, P"
6259,1,2001,NoMatch,Unmatched,"Univ Lyon 1, CNRS, UMR 5558, F-69622 Villeurbanne, France","Debouzie, D"
6261,1,2001,NoMatch,Unmatched,"Harvard Univ Hebaria, 22 Divinity Ave, Cambridge, MA 02138 USA.","Davies, SJ"
6341,1,2001,NoMatch,Unmatched,"Univ Canterbury, Private Bag 4800, Christchurch 8001, New Zealand.","Kelly, D"
6341,1,2001,NoMatch,Unmatched,"Univ Canterbury, Christchurch 8001, New Zealand","Hart, DE"
6341,1,2001,NoMatch,Unmatched,"Landcare Res, Lincoln, New Zealand","Allen, RB"
6389,1,2000,NoMatch,Unmatched,"Univ Calif Davis, Davis, CA 95616 USA","Amezcua, AB"
6389,1,2000,NoMatch,Unmatched,"Univ Calif Davis, Davis, CA 95616 USA","Holyoak, M"
6426,1,2000,NoMatch,Unmatched,NA,"Univ Lyon 1, CNRS, UMR 5023, Lab Ecol Hydrosyst Fluviaux, F-69622 Villeurbanne, France."
6427,1,2000,NoMatch,Unmatched,"IET Inc, 1600 SW Western Blvd,Suite 300, Corvallis, OR 97333 USA.","Rossignol, PA"
6444,1,2000,NoMatch,Unmatched,NA,"Alfred Univ, Div Environm Studies, Alfred, NY 14802 USA."
6448,1,2000,NoMatch,Unmatched,NA,"Univ Kentucky, Ctr Ecol Evolut & Behav, Lexington, KY 40506 USA."
6460,1,2000,NoMatch,Unmatched," Int Inst Appl Syst Anal, Adapt Dynam Network, A-2361 Laxenburg, Austria","Dieckmann, U"
6473,1,2000,NoMatch,Unmatched,NA,"Iowa State Univ, Dept Zool & Genet, Ames, IA 50011 USA."
6475,1,2000,NoMatch,Unmatched,"Harvard Univ, Petersham, MA 01366 USA","Compton, JE"
6475,1,2000,NoMatch,Unmatched,"Harvard Univ, Petersham, MA 01366 USA","Boone, RD"
6481,1,2000,NoMatch,Unmatched,NA,"Univ Maryland, Dept Entomol, College Pk, MD 20742 USA."
6529,1,2015,NoMatch,Unmatched,"Cornell Univ, Ithaca, NY 14850 USA","Lamb, Joleah B."
6537,1,2015,NoMatch,Unmatched,"IAP World Serv, Lochbuie, CO 80603 USA","Jonas, Jayne L."
6545,1,2015,NoMatch,Unmatched,"Yale Univ, New Haven, CT 06511 USA","Smith, Lauren M."
6552,1,2015,NoMatch,Unmatched,"Ilia State Univ, Res Inst 4D, GE-0162 Tbilisi, Rep of Georgia","Kikvidze, Zaal"
6553,1,2015,NoMatch,Unmatched,"Oakland Univ, Rochester, MI 48309 USA","Stephens, Jeffrey P."
6553,1,2015,NoMatch,Unmatched,"Oakland Univ, Rochester, MI 48309 USA","Berven, Keith A."
6553,1,2015,NoMatch,Unmatched,"Oakland Univ, Rochester, MI 48309 USA","Tiegs, Scott D."
6553,1,2015,NoMatch,Unmatched,"Oakland Univ, Rochester, MI 48309 USA","Raffel, Thomas R."
6613,1,2015,NoMatch,Unmatched,"Univ Lyon, F-69000 Lyon, France","Plard, Floriane"
6613,1,2015,NoMatch,Unmatched,"Univ Lyon, F-69000 Lyon, France","Gaillard, Jean-Michel"
6613,1,2015,NoMatch,Unmatched,"Univ Lyon, F-69000 Lyon, France","Douhard, Mathieu"
6613,1,2015,NoMatch,Unmatched,"Univ Lyon, F-69000 Lyon, France","Bonenfant, Christophe"
6644,1,2015,NoMatch,Unmatched,"Univ Connecticut, Groton, CT 06340 USA","Lord, Joshua"
6644,1,2015,NoMatch,Unmatched,"Univ Connecticut, Groton, CT 06340 USA","Whitlatch, Robert"
6692,1,2015,NoMatch,Unmatched,"Teton Sci Sch, Teton Res Inst, Jackson, WY 83001 USA","Riginos, Corinna"
6729,1,2015,NoMatch,Unmatched,"Univ Paris 06, CNRS UPMC, UMR 7618, IEES Paris, F-75005 Paris, France","Mugabo, Marianne"
6729,1,2015,NoMatch,Unmatched,"Univ Paris 06, CNRS UPMC, UMR 7618, IEES Paris, F-75005 Paris, France","Meylan, Sandrine"
6729,1,2015,NoMatch,Unmatched,"Univ Paris 06, CNRS UPMC, UMR 7618, IEES Paris, F-75005 Paris, France","Le Galliard, Jean-Francois"
6750,1,2015,NoMatch,Unmatched,"Univ Lyon, F-69000 Lyon, France","Cohas, Aurelie"
6755,1,2015,NoMatch,Unmatched,"Univ Calif Santa Cruz, Santa Cruz, CA 95064 USA","Wolf, Amelia A."
6755,1,2015,NoMatch,Unmatched,"Univ Calif Santa Cruz, Santa Cruz, CA 95064 USA","Zavaleta, Erika S."
6766,1,2015,NoMatch,Unmatched,"Univ Chicago, Chicago, IL 60637 USA","Johnson, Leah R."
6766,1,2015,NoMatch,Unmatched,"Univ Chicago, Chicago, IL 60637 USA","Pawar, Samraat"
6768,1,2015,NoMatch,Unmatched,"Calif State Univ Channel Isl, Camarillo, CA 93012 USA","Hanna, Cause"
6777,1,2014,NoMatch,Unmatched,"McGill Univ, Redpath Museum, Montreal, PQ H3A 0C4, Canada","Turney, Shaun"
6777,1,2014,NoMatch,Unmatched,"McGill Univ, Redpath Museum, Montreal, PQ H3A 0C4, Canada","Millien, Virginie"
6790,1,2014,NoMatch,Unmatched,"Univ British Columbia, Vancouver, BC V6K 1TZ, Canada","Wolkovich, Elizabeth M."
6815,1,2014,NoMatch,Unmatched,"Smith Coll, Northampton, MA 01063 USA","Ignace, Danielle D."
6917,1,2014,NoMatch,Unmatched,"Univ Calif Berkeley, Berkeley, CA 94720 USA","Eschtruth, Anne K."
6917,1,2014,NoMatch,Unmatched,"Univ Calif Berkeley, Berkeley, CA 94720 USA","Battles, John J."
7001,2,2000,NoMatch,Unmatched," Greenfield Resource Opt, Indooroopilly, Qld 4068, Australia","Turvey, ND"
7020,3,2000,NoMatch,Unmatched,"Univ Calif Davis, Davis, CA 95616 USA","Muller-Navarra, DC"
7020,3,2000,NoMatch,Unmatched,"Univ Konstanz, D-78464 Constance, Germany","Mumm, H"
7032,1,2000,NoMatch,Unmatched,NA,"Oklahoma State Univ, Dept Zool, Stillwater, OK 74078 USA."
7042,1,2000,NoMatch,Unmatched,"Univ Kassel, FB 19, D-34132 Kassel, Germany","Leuschner, C"
7047,1,2000,NoMatch,Unmatched,"Portland State Univ, Portland, OR 97207 USA","Yeakley, JA"
7048,2,2000,NoMatch,Unmatched,"Mid Sweden Univ, Dept Appl Sci, SE-87188 Harnosand, Sweden","Renofalt, B"
7076,1,2000,NoMatch,Unmatched,"Duke Univ, Durham, NC 27706 USA","Heppell, S"
7076,1,2000,NoMatch,Unmatched," Univ Chicago, Chicago, IL 60637 USA","Pfister, C"
7087,1,2000,NoMatch,Unmatched," Perkins Coie LLP, Portland, OR 97204 USA","Courtney, AC"
7092,1,2000,NoMatch,Unmatched,"Univ Bologna, Via Tombesi dallOva 55, I-48100 Ravenna, Italy.","Airoldi, L"
7096,1,2000,NoMatch,Unmatched,"Univ Paris 11, CNRS, UPRESA 8079, F-91405 Orsay, France","Ponsard, S"
7106,1,2000,NoMatch,Unmatched,NA,"Arkansas State Univ, Dept Biol Sci, POB 599, State Univ, AR 72467 USA."
7119,1,2000,NoMatch,Unmatched,"Univ Lyon 1, CNRS, UMR 5558, F-69622 Villeurbanne, France","Aubry, P"
7119,1,2000,NoMatch,Unmatched,"Univ Lyon 1, CNRS, UMR 5558, F-69622 Villeurbanne, France","Debouzie, D"
7122,1,2000,NoMatch,Unmatched,NA,"Clark Univ, Grad Sch Geog, Worcester, MA 01610 USA."
7124,1,2000,NoMatch,Unmatched,NA,"Cornell Univ, Dept Ecol & Evolut Biol, Ithaca, NY 14853 USA."
7126,1,2000,NoMatch,Unmatched,"Univ Missouri, St Louis, MO 63121 USA","Mothershead, K"
7126,1,2000,NoMatch,Unmatched,"Univ Missouri, St Louis, MO 63121 USA","Marquis, RJ"
7133,1,2000,NoMatch,Unmatched,"Bennington Coll, Bennington, VT 05201 USA","Woods, KD"
7143,1,2000,NoMatch,Unmatched,NA,"Univ Cambridge, Dept Zool, Downing St, Cambridge CB2 3EJ, England."
7151,1,1999,NoMatch,Unmatched," Texas Tech Univ Museum, Lubbock, TX 79409 USA","Willig, MR"
7156,1,1999,NoMatch,Unmatched," Univ Lyon 1, UMR 5558, F-69622 Villeurbanne, France","Festa-Bianchet, M"
7165,1,1999,NoMatch,Unmatched,NA,"La Selva Biol Stn, INTERLINK 341,POB 02-5635, Miami, FL 33102 USA."
7177,1,1999,NoMatch,Unmatched," Oregon State Univ, Corvallis, OR 97331 USA","Polasky, S"
7178,2,1999,NoMatch,Unmatched,"Univ SW Louisiana, Lafayette, LA 70504 USA","Feller, IC"
7182,1,1999,NoMatch,Unmatched,"Duke Univ, Durham, NC 27708 USA","Richardson, CJ"
7182,1,1999,NoMatch,Unmatched,"Duke Univ, Durham, NC 27708 USA","Ferrell, GM"
7182,1,1999,NoMatch,Unmatched,"Duke Univ, Durham, NC 27708 USA","Vaithiyanathan, P"
7186,1,1999,NoMatch,Unmatched,"James Cook Univ N Queensland, Townsville, Qld 4811, Australia","De'ath, G"
7191,1,1999,NoMatch,Unmatched,NA,"Trent Univ, Watershed Ecosyst Grad Program, Peterborough, ON K9J 7B8, Canada."
7194,1,1999,NoMatch,Unmatched,NA,"AAFC Res Stn, POB 3000, Lethbridge, AB T1J 4B1, Canada."
7214,3,1999,NoMatch,Unmatched,"Univ New Hampshire, Durham, NH 03824 USA","Bednarek, A"
7215,1,1999,NoMatch,Unmatched,NA,"De Paul Univ, Environm Sci Program, 2325 N Clifton Ave, Chicago, IL 60614 USA."
7227,1,1999,NoMatch,Unmatched,NA,"Univ Florida, Dept Bot, Gainesville, FL 32611 USA."
7235,3,1999,NoMatch,Unmatched," San Francisco State Univ, Tiburon, CA 94920 USA","Martinez, ND"
7249,1,1999,NoMatch,Unmatched,NA,"Univ E Anglia, Sch Biol Sci, Norwich NR4 7TJ, Norfolk, England."
7262,1,1999,NoMatch,Unmatched,"Univ Florida, Gainesville, FL 32611 USA","Osenberg, CW"
7262,1,1999,NoMatch,Unmatched," Michigan State Univ, E Lansing, MI 48824 USA","Sarnelle, O"
7262,1,1999,NoMatch,Unmatched," Univ Michigan, Ann Arbor, MI 48109 USA","Goldberg, DE"
7263,1,1999,NoMatch,Unmatched,NA,"Univ Florida, Dept Zool, Gainesville, FL 32611 USA."
7279,1,1999,NoMatch,Unmatched,NA,"Univ Oslo, Dept Biol, Div Zool, POB 1050 Blindern, N-0316 Oslo, Norway."
7291,1,1999,NoMatch,Unmatched,NA,"Univ Calif Los Angeles, Dept Biol, Los Angeles, CA 90095 USA."
7299,2,1999,NoMatch,Unmatched," IVH 158, Andravoahangy, Antananarivo 101, Malagasy Republ","Rabemanantsoa, SB"
7307,1,1999,NoMatch,Unmatched,NA,"Univ Melbourne, Dept Zool, Queenscliff Marine Stn, POB 138, Queenscliff, Vic 3225, Australia."
7325,1,1999,NoMatch,Unmatched,"Vassar Coll, Poughkeepsie, NY 12601 USA","Fritz, RS"
7349,1,1999,NoMatch,Unmatched,NA,"Univ Oslo, Dept Biol, Div Zool, POB 1050 Blindern, N-0316 Oslo, Norway."
7350,1,1999,NoMatch,Unmatched,"Norwegian Acad Sci & Letters, Ctr Adv Study, N-0271 Oslo, Norway","Saitoh, T"
7352,2,1999,NoMatch,Unmatched,"CVC, Ctr Datos Conservac, Cali, Colombia","Heredia, S"
7355,1,1999,NoMatch,Unmatched,"Landcare Res, Lincoln, New Zealand","Allen, RB"
7355,1,1999,NoMatch,Unmatched,"Landcare Res, Lincoln, New Zealand","Bellingham, PJ"
7355,1,1999,NoMatch,Unmatched,"Landcare Res, Lincoln, New Zealand","Wiser, SK"
7368,1,1999,NoMatch,Unmatched,"Univ Arkansas, Fayetteville, AR 72701 USA","Evans, RD"
7387,1,1998,NoMatch,Unmatched,"Michigan State Univ, Hickory Corners, MI 49060 USA","Foster, BL"
7407,1,1998,NoMatch,Unmatched,"Univ Lyon 1, UMR 5558, 43 Blvd 11 Novembre 1918, F-69622 Villeurbanne, France.","Gaillard, JM"
7407,1,1998,NoMatch,Unmatched,"Univ Lyon 1, UMR 5558, F-69622 Villeurbanne, France","Andersen, R"
7419,1,1998,NoMatch,Unmatched,"Tech Univ Munich, D-85350 Freising, Germany.","Huber-Sannwald, E"
7435,1,1998,NoMatch,Unmatched," Nevada State Museum & Hist Soc, Las Vegas, NV 89107 USA","Austin, GT"
7464,1,1998,NoMatch,Unmatched,"Landcare Res, POB 69, Lincoln, New Zealand.","Wiser, SK"
7488,3,1998,NoMatch,Unmatched,"ETH Zurich, CH-8092 Zurich, Switzerland","Mutikainen, P"
7496,1,1998,NoMatch,Unmatched,NA,"Univ Rhode Isl, Dept Biol Sci, Kingston, RI 02881 USA."
7502,1,1998,NoMatch,Unmatched,NA,"Norwegian Inst Nat Res, Dept Arctic Ecol, Storgata 25, N-9005 Tromso, Norway."
7520,1,1998,NoMatch,Unmatched,"Box 251, Mayo, YT Y0B 1M0, Canada.","O'Donoghue, M"
7522,2,1998,NoMatch,Unmatched,"Eastern Norway Res Inst, N-2601 Lillehammer, Norway","Hertzberg, K"
7555,1,1998,NoMatch,Unmatched,NA,"Dartmouth Coll, Dept Biol Sci, Hanover, NH 03755 USA."
7575,1,1998,NoMatch,Unmatched,NA,"Univ British Columbia, Dept Zool, Ctr Biodivers Res, 6270 Univ Blvd, Vancouver, BC V6T 1Z4, Canada."
7576,1,1998,NoMatch,Unmatched,"Ohio State Univ, Columbus, OH 43210 USA","Snow, AA"
7576,1,1998,NoMatch,Unmatched,"Ohio State Univ, Columbus, OH 43210 USA","Parker, PG"
7602,1,1998,NoMatch,Unmatched,"Stanford Univ, Stanford, CA 94305 USA","Hooper, DU"
7606,1,1998,NoMatch,Unmatched,"Stanford Univ, Stanford, CA 94305 USA","Vitousek, PM"
7614,1,1998,NoMatch,Unmatched,"Oregon State Univ, Corvallis, OR 97331 USA","Pedersen, BS"
7624,1,1998,NoMatch,Unmatched,"Univ Guelph, Guelph, ON N1G 2W1, Canada.","Fryxell, JM"
7646,1,1997,NoMatch,Unmatched,NA,NA
7661,1,1997,NoMatch,Unmatched," QUEENSLAND DEPT PRIMARY IND,EMERALD,QLD 4720,AUSTRALIA","Dixon, AFG"
7668,1,1997,NoMatch,Unmatched,"BROWN UNIV,PROVIDENCE,RI 02912","Kareiva, PM"
7668,1,1997,NoMatch,Unmatched,"BROWN UNIV,PROVIDENCE,RI 02912","Bertness, MD"
7671,1,1997,NoMatch,Unmatched,NA,NA
7676,1,1997,NoMatch,Unmatched,NA,"WELLESLEY COLL, DEPT BIOL SCI, WELLESLEY, MA 02181 USA."
7679,1,1997,NoMatch,Unmatched,NA,NA
7683,1,1997,NoMatch,Unmatched,NA,NA
7689,1,1997,NoMatch,Unmatched,NA,NA
7690,1,1997,NoMatch,Unmatched,NA,NA
7693,1,1997,NoMatch,Unmatched,"UNIV ARKANSAS,FAYETTEVILLE,AR 72701","Frank, DA"
7693,1,1997,NoMatch,Unmatched,"UNIV ARKANSAS,FAYETTEVILLE,AR 72701","Evans, RD"
7699,1,1997,NoMatch,Unmatched,"UNIV ALASKA,FAIRBANKS,AK 99701","Strauss, SY"
7699,1,1997,NoMatch,Unmatched,"UNIV ALASKA,FAIRBANKS,AK 99701","Armbruster, WS"
7743,1,1997,NoMatch,Unmatched,NA,NA
7756,1,1997,NoMatch,Unmatched,NA,NA
7763,1,1997,NoMatch,Unmatched,NA,NA
7765,1,1997,NoMatch,Unmatched,NA,NA
7776,1,1997,NoMatch,Unmatched,NA,NA
7777,1,1997,NoMatch,Unmatched,NA,NA
7816,1,1997,NoMatch,Unmatched,NA,NA
7820,1,1997,NoMatch,Unmatched,NA,NA
7822,1,1997,NoMatch,Unmatched,NA,"CEFE, CNRS, BP 5051, F-34033 MONTPELLIER, FRANCE."
7824,1,1997,NoMatch,Unmatched,NA,NA
7851,1,1997,NoMatch,Unmatched,NA,NA
7859,1,1997,NoMatch,Unmatched,NA,NA
7865,1,1997,NoMatch,Unmatched,NA,NA
7866,1,1997,NoMatch,Unmatched,NA,NA
7874,1,1996,NoMatch,Unmatched,NA,"UNIV MASSACHUSETTS, ENTOMOL LAB, AMHERST, MA 01003 USA."
7878,1,1996,NoMatch,Unmatched,NA,NA
7881,1,1996,NoMatch,Unmatched,NA,NA
7898,1,1996,NoMatch,Unmatched,NA,NA
7911,1,1996,NoMatch,Unmatched,NA,NA
7912,1,1996,NoMatch,Unmatched,"UNIV ILLINOIS,URBANA,IL 61801","DeLucia, EH"
7912,1,1996,NoMatch,Unmatched,"UNIV NEVADA,RENO,NV 89557","Moore, D"
7943,1,1996,NoMatch,Unmatched,NA,NA
7969,1,1996,NoMatch,Unmatched,NA,NA
7985,1,1996,NoMatch,Unmatched,NA,NA
7987,1,1996,NoMatch,Unmatched,NA,NA
8004,1,1996,NoMatch,Unmatched,NA,NA
8008,1,1996,NoMatch,Unmatched,"CNRS,CEFEI,F-34033 MONTPELLIER,FRANCE","Cezilly, F"
8008,1,1996,NoMatch,Unmatched,"CNRS,CEFEI,F-34033 MONTPELLIER,FRANCE","Viallefont, A"
8008,1,1996,NoMatch,Unmatched,"CNRS,CEFEI,F-34033 MONTPELLIER,FRANCE","Boy, V"
8008,1,1996,NoMatch,Unmatched,"CNRS,CEFEI,F-34033 MONTPELLIER,FRANCE","Johnson, AR"
8023,1,1996,NoMatch,Unmatched,NA,NA
8040,1,1996,NoMatch,Unmatched,NA,NA
8076,1,1996,NoMatch,Unmatched,"UNIV COLORADO MUSEUM,BOULDER,CO 80309","Stamp, NE"
8105,1,1996,NoMatch,Unmatched,NA,NA
8136,1,1995,NoMatch,Unmatched,NA,NA
8142,1,1995,NoMatch,Unmatched,NA,NA
8146,2,1995,NoMatch,Unmatched,"UNIV TOKYO MUSEUM,BUNKYO KU,TOKYO 113,JAPAN","OHBA, H"
8174,1,1995,NoMatch,Unmatched,"UNIV UTRECHT,3584 CH UTRECHT,NETHERLANDS","SCHEFFER, M"
8174,1,1995,NoMatch,Unmatched,"UNIV UTRECHT,3584 CH UTRECHT,NETHERLANDS","DEBOER, RJ"
8217,1,1995,NoMatch,Unmatched,NA,NA
8225,1,1995,NoMatch,Unmatched,NA,NA
8274,1,1995,NoMatch,Unmatched,NA,NA
8276,1,1995,NoMatch,Unmatched,"UNIV CALGARY,KANANASKIS FIELD STN,CALGARY,AB T2N 1N4,CANADA","BESSIE, WC"
8276,1,1995,NoMatch,Unmatched,"UNIV CALGARY,KANANASKIS FIELD STN,CALGARY,AB T2N 1N4,CANADA","JOHNSON, EA"
8279,1,1995,NoMatch,Unmatched,NA,NA
8297,1,1995,NoMatch,Unmatched,"UNIV PARIS 11,F-91405 ORSAY,FRANCE","AKCAKAYA, HR"
8317,1,1995,NoMatch,Unmatched,NA,NA
8339,1,1995,NoMatch,Unmatched,NA,NA
8351,1,1995,NoMatch,Unmatched,"SUNY ALBANY,ALBANY,NY 12222, USA.","CARACO, T"
8399,1,1994,NoMatch,Unmatched,NA,NA
8412,1,1994,NoMatch,Unmatched,NA,NA
8430,1,1994,NoMatch,Unmatched,NA,NA
8436,1,1994,NoMatch,Unmatched,NA,NA
8451,1,1994,NoMatch,Unmatched,"GEORGIA INST TECHNOL,GEORGIA TECH RES INST,ATLANTA,GA 30332","BENKE, AC"
8451,1,1994,NoMatch,Unmatched,"GEORGIA INST TECHNOL,GEORGIA TECH RES INST,ATLANTA,GA 30332","JACOBI, DI"
8473,1,1994,NoMatch,Unmatched,"UNIV ILLINOIS,URBANA,IL 61801","CALLAWAY, RM"
8478,1,1994,NoMatch,Unmatched,NA,NA
8492,1,1994,NoMatch,Unmatched,"UNIV MARYLAND EASTERN SHORE,PRINCESS ANNE,MD 21853","FURBISH, CE"
8492,1,1994,NoMatch,Unmatched,"UNIV MARYLAND EASTERN SHORE,PRINCESS ANNE,MD 21853","ALBANO, M"
8494,1,1994,NoMatch,Unmatched,NA,NA
8530,1,1994,NoMatch,Unmatched,NA,NA
8532,1,1994,NoMatch,Unmatched,NA,NA
8533,1,1994,NoMatch,Unmatched,NA,NA
8537,1,1994,NoMatch,Unmatched,NA,NA
8561,1,1994,NoMatch,Unmatched,NA,NA
8572,1,1994,NoMatch,Unmatched,"UNIV CALIF CARMEL VALLEY,HASTINGS RESERVAT,38601 E CARMEL VALLEY RD,CARMEL VALLEY,CA 93924, USA.","KOENIG, WD"
8576,1,1994,NoMatch,Unmatched,"LANDCARE RES NEW ZEALAND LTD,CHRISTCHURCH,NEW ZEALAND","HOLLINGER, DY"
8576,1,1994,NoMatch,Unmatched,"LANDCARE RES NEW ZEALAND LTD,CHRISTCHURCH,NEW ZEALAND","KELLIHER, FM"
8576,1,1994,NoMatch,Unmatched,"LANDCARE RES NEW ZEALAND LTD,CHRISTCHURCH,NEW ZEALAND","BYERS, JN"
8576,1,1994,NoMatch,Unmatched,"LANDCARE RES NEW ZEALAND LTD,CHRISTCHURCH,NEW ZEALAND","HUNT, JE"
8576,1,1994,NoMatch,Unmatched,"LANDCARE RES NEW ZEALAND LTD,CHRISTCHURCH,NEW ZEALAND","MCSEVENY, TM"
8576,1,1994,NoMatch,Unmatched,"LANDCARE RES NEW ZEALAND LTD,CHRISTCHURCH,NEW ZEALAND","WEIR, PL"
8577,1,1994,NoMatch,Unmatched,NA,NA
8582,1,1994,NoMatch,Unmatched,NA,NA
8592,1,1993,NoMatch,Unmatched,NA,NA
8599,7,1993,NoMatch,Unmatched,"LOUISIANA STATE UNIV,RICE STN,CROWLEY,LA 70526","WAY, MO"
8621,1,1993,NoMatch,Unmatched,"UNIV SYDNEY,SYDNEY,NSW 2006,AUSTRALIA","SCHWARZKOPF, L"
8628,1,1993,NoMatch,Unmatched,NA,NA
8633,1,1993,NoMatch,Unmatched," UNIV COLORADO MUSEUM,BOULDER,CO 80309","BOWERS, MD"
8644,1,1993,NoMatch,Unmatched,NA,NA
8665,1,1993,NoMatch,Unmatched,NA,NA
8677,1,1993,NoMatch,Unmatched,"UNIV YORK,YORK YO1 5DD,N YORKSHIRE,ENGLAND","LAW, R"
8677,1,1993,NoMatch,Unmatched,"UNIV YORK,YORK YO1 5DD,N YORKSHIRE,ENGLAND","MORTON, RD"
8704,1,1993,NoMatch,Unmatched,NA,NA
8717,1,1993,NoMatch,Unmatched,NA,NA
8720,1,1993,NoMatch,Unmatched,NA,NA
8745,1,1993,NoMatch,Unmatched,NA,NA
8749,1,1993,NoMatch,Unmatched,NA,NA
8762,1,1993,NoMatch,Unmatched,NA,NA
8763,1,1993,NoMatch,Unmatched,NA,NA
8766,1,1993,NoMatch,Unmatched,NA,NA
8768,1,1993,NoMatch,Unmatched,NA,NA
8772,1,1993,NoMatch,Unmatched,NA,NA
8781,1,1993,NoMatch,Unmatched,NA,NA
8783,1,1993,NoMatch,Unmatched,NA,NA
8807,1,1993,NoMatch,Unmatched,NA,NA
8815,1,1993,NoMatch,Unmatched,NA,NA
8822,1,1993,NoMatch,Unmatched,"MONTEVERDE,SAN JOSE 1000,COSTA RICA","MATELSON, TJ"
8833,1,1992,NoMatch,Unmatched,NA,NA
8840,1,1992,NoMatch,Unmatched,NA,NA
8845,1,1992,NoMatch,Unmatched,"UNIV CALIF DAVIS,DAVIS,CA 95616","POWER, ME"
8845,1,1992,NoMatch,Unmatched,"UNIV CALIF DAVIS,DAVIS,CA 95616","MARKS, JC"
8845,1,1992,NoMatch,Unmatched,"UNIV CALIF DAVIS,DAVIS,CA 95616","PARKER, MS"
8891,1,1992,NoMatch,Unmatched,NA,NA
8905,1,1992,NoMatch,Unmatched,NA,NA
8914,1,1992,NoMatch,Unmatched,NA,NA
8938,1,1992,NoMatch,Unmatched,NA,NA
8940,1,1992,NoMatch,Unmatched,NA,NA
8943,1,1992,NoMatch,Unmatched,NA,NA
8954,1,1992,NoMatch,Unmatched," MUSEUM NO ARIZONA,FLAGSTAFF,AZ 86001","PRICE, PW"
8957,1,1992,NoMatch,Unmatched,"UNIV DUBLIN TRINITY COLL, DUBLIN 2, IRELAND.","WATTS, WA"
8957,2,1992,NoMatch,Unmatched,"ILLINOIS STATE MUSEUM, CTR RES & COLLECT, SPRINGFIELD, IL 62703 USA","GRIMM, EC"
8964,1,1992,NoMatch,Unmatched,NA,NA
8966,1,1992,NoMatch,Unmatched,NA,NA
8968,1,1992,NoMatch,Unmatched,NA,NA
8979,1,1992,NoMatch,Unmatched,NA,NA
9017,1,1992,NoMatch,Unmatched,NA,NA
9027,1,1992,NoMatch,Unmatched,"POSEIDON SYST,CUPERTINO,CA 95014","CROLL, DA"
9043,1,1991,NoMatch,Unmatched,NA,"UNIV UPPSALA, INST ECOL BOT, BOX 559, S-75122 UPPSALA, SWEDEN."
9064,1,1991,NoMatch,Unmatched,"BRIGHTON POLYTECH,BRIGHTON BN2 4GJ,E SUSSEX,ENGLAND","HUTCHINGS, MJ"
9064,1,1991,NoMatch,Unmatched,"BRIGHTON POLYTECH,BRIGHTON BN2 4GJ,E SUSSEX,ENGLAND","BOOTH, KD"
9064,1,1991,NoMatch,Unmatched,"BRIGHTON POLYTECH,BRIGHTON BN2 4GJ,E SUSSEX,ENGLAND","WAITE, S"
9076,1,1991,NoMatch,Unmatched,"HARVARD UNIV,16 DIVIN AVE,CAMBRIDGE,MA 02138, USA.","MIAO, SL"
9081,2,1991,NoMatch,Unmatched," UNIV COLORADO,BOULDER,CO 80309","MITTON, JB"
9096,1,1991,NoMatch,Unmatched,NA,NA
9098,1,1991,NoMatch,Unmatched,NA,NA
9122,1,1991,NoMatch,Unmatched,NA,"COLORADO STATE UNIV, NAT RESOURCE ECOL LAB, 317 W PROSPECT, FT COLLINS, CO 80526 USA."
9131,1,1991,NoMatch,Unmatched," INST NACL PESQUISAS,BR-69000 MANAUS,AMAZONAS,BRAZIL","JUNK, WJ"
9173,1,1991,NoMatch,Unmatched,NA,NA
9174,1,1991,NoMatch,Unmatched,NA,NA
9189,1,1991,NoMatch,Unmatched,NA,NA
9201,2,1991,NoMatch,Unmatched," VERSAR,COLUMBIA,MD 20771","STREBEL, DE"
9201,2,1991,NoMatch,Unmatched," BENNINGTON COLL,DIV SCI,BENNINGTON,VT 05201","WOODS, KD"
9201,2,1991,NoMatch,Unmatched," SCI APPLICAT RES,LANHAM,MD 20771","GOETZ, SJ"
9237,1,1991,NoMatch,Unmatched,"FULTON MONTGOMERY COMMUNITY COLL,JOHNSTOWN,NY 12905","CWYNAR, LC"
9237,1,1991,NoMatch,Unmatched,"FULTON MONTGOMERY COMMUNITY COLL,JOHNSTOWN,NY 12905","SPEAR, RW"
9241,1,1991,NoMatch,Unmatched,NA,NA
9265,1,1990,NoMatch,Unmatched,NA,NA
9284,1,1990,NoMatch,Unmatched,NA,NA
9292,1,1990,NoMatch,Unmatched,NA,NA
9295,1,1990,NoMatch,Unmatched,NA,NA
9321,1,1990,NoMatch,Unmatched,NA,NA
9322,1,1990,NoMatch,Unmatched,NA,NA
9330,1,1990,NoMatch,Unmatched,"SIMONS ROCK COLL BARD,GREAT BARRINGTON,MA 01230","LIMBURG, KE"
9330,1,1990,NoMatch,Unmatched,"SIMONS ROCK COLL BARD,GREAT BARRINGTON,MA 01230","SCHMIDT, RE"
9368,2,1990,NoMatch,Unmatched,"UNIV BRISTOL,BRISTOL BS8 1TW,ENGLAND","MCNAMARA, JM"
9385,1,1990,NoMatch,Unmatched,NA,NA
9386,1,1990,NoMatch,Unmatched," UNIV COLORADO MUSEUM,BOULDER,CO 80309","BOWERS, MD"
9416,1,1990,NoMatch,Unmatched,"STANFORD UNIV,STANFORD,CA 94305","HUENNEKE, LF"
9416,1,1990,NoMatch,Unmatched,"STANFORD UNIV,STANFORD,CA 94305","HAMBURG, SP"
9416,1,1990,NoMatch,Unmatched,"STANFORD UNIV,STANFORD,CA 94305","KOIDE, R"
9416,1,1990,NoMatch,Unmatched,"STANFORD UNIV,STANFORD,CA 94305","MOONEY, HA"
9416,1,1990,NoMatch,Unmatched,"STANFORD UNIV,STANFORD,CA 94305","VITOUSEK, PM"
9419,1,1990,NoMatch,Unmatched,NA,NA
9425,1,1990,NoMatch,Unmatched,NA,NA
9438,1,1990,NoMatch,Unmatched,NA,"UNIV CALGARY, DEPT BIOL SCI, DIV ECOL, AQUAT GRP, CALGARY T2N 1N4, ALBERTA, CANADA."
9466,1,1990,NoMatch,Unmatched,NA,"TULANE UNIV, DEPT BIOL, NEW ORLEANS, LA 70118 USA."
9502,1,1989,NoMatch,Unmatched,NA,NA
9511,1,1989,NoMatch,Unmatched,NA,NA
9516,1,1989,NoMatch,Unmatched,NA,NA
9557,1,1989,NoMatch,Unmatched,NA,NA
9558,1,1989,NoMatch,Unmatched,"UNIV CONNECTICUT,STORRS,CT 06268","CAIN, ML"
9565,1,1989,NoMatch,Unmatched,NA,NA
9566,1,1989,NoMatch,Unmatched,NA,NA
9579,1,1989,NoMatch,Unmatched,NA,NA
9588,1,1989,NoMatch,Unmatched,"UNIV CALIF SANTA CRUZ,SANTA CRUZ,CA 95064","MORROW, PA"
9588,1,1989,NoMatch,Unmatched,"UNIV CALIF SANTA CRUZ,SANTA CRUZ,CA 95064","FOX, LR"
9628,1,1989,NoMatch,Unmatched,"SUNY STONY BROOK,STONY BROOK,NY 11794","ARMSTRONG, RA"
9630,1,1989,NoMatch,Unmatched,"WHEATON COLL,NORTON,MA 02766","MORRIS, WF"
9630,1,1989,NoMatch,Unmatched,"WHEATON COLL,NORTON,MA 02766","WOOD, DM"
9644,1,1989,NoMatch,Unmatched,NA,NA
9681,1,1989,NoMatch,Unmatched,NA,NA
9686,1,1989,NoMatch,Unmatched,NA,NA
9723,1,1988,NoMatch,Unmatched,"UNIV LYON 1,F-69622 VILLEURBANNE,FRANCE","CHESSEL, D"
9723,1,1988,NoMatch,Unmatched,"UNIV BOURGOGNE,F-21004 DIJON,FRANCE","FROCHOT, B"
9735,1,1988,NoMatch,Unmatched,"MUSEUM NO ARIZONA,FLAGSTAFF,AZ 86001","PRESZLER, RW"
9735,1,1988,NoMatch,Unmatched,"MUSEUM NO ARIZONA,FLAGSTAFF,AZ 86001","PRICE, PW"
9736,1,1988,NoMatch,Unmatched,NA,NA
9761,1,1988,NoMatch,Unmatched,NA,NA
9763,1,1988,NoMatch,Unmatched,NA,NA
9839,1,1988,NoMatch,Unmatched,NA,NA
9844,1,1988,NoMatch,Unmatched,NA,NA
9861,1,1988,NoMatch,Unmatched,NA,NA
9875,1,1988,NoMatch,Unmatched,NA,NA
9876,1,1988,NoMatch,Unmatched,NA,NA
9880,1,1988,NoMatch,Unmatched,NA,NA
9900,1,1988,NoMatch,Unmatched,NA,NA
9941,1,1987,NoMatch,Unmatched,NA,"UNIV COLORADO, DEPT BIOL, BOX 334, BOULDER, CO 80309 USA."
9978,1,1987,NoMatch,Unmatched,NA,NA
9985,1,1987,NoMatch,Unmatched,NA,NA
9992,1,1987,NoMatch,Unmatched,NA,NA
10027,1,1987,NoMatch,Unmatched,NA,NA
10102,1,1987,NoMatch,Unmatched,NA,NA
10152,1,1986,NoMatch,Unmatched,NA,NA
10165,1,1986,NoMatch,Unmatched," MUSEUM NO ARIZONA,FLAGSTAFF,AZ 86001","CLANCY, KM"
10166,1,1986,NoMatch,Unmatched,"MUSEUM NO ARIZONA,FLAGSTAFF,AZ 86001","CLANCY, KM"
10171,1,1986,NoMatch,Unmatched,NA,NA
10190,1,1986,NoMatch,Unmatched,NA,NA
10191,1,1986,NoMatch,Unmatched,NA,NA
10210,1,1986,NoMatch,Unmatched,NA,NA
10224,1,1986,NoMatch,Unmatched,"ESSA LTD, VANCOUVER V5Z 1G6, BC, CANADA","GAZEY, WJ"
10224,1,1986,NoMatch,Unmatched,"ESSA LTD, VANCOUVER V5Z 1G6, BC, CANADA","STALEY, MJ"
10226,1,1986,NoMatch,Unmatched,"UNIV MAINE,INST QUATENARY STUDIES,ORONO,ME 04469","JACOBSON, GL"
10242,1,1986,NoMatch,Unmatched,NA,NA
10253,1,1986,NoMatch,Unmatched,NA,NA
10279,1,1986,NoMatch,Unmatched,"MUSEUM NO ARIZONA,FLAGSTAFF,AZ 86001","CRAIG, TP"
10279,1,1986,NoMatch,Unmatched,"MUSEUM NO ARIZONA,FLAGSTAFF,AZ 86001","PRICE, PW"
10279,1,1986,NoMatch,Unmatched,"MUSEUM NO ARIZONA,FLAGSTAFF,AZ 86001","ITAMI, JK"
10290,1,1986,NoMatch,Unmatched,NA,NA
10308,1,1986,NoMatch,Unmatched,NA,NA
10320,1,1986,NoMatch,Unmatched,NA,NA
10344,1,1985,NoMatch,Unmatched,NA,NA
10360,1,1985,NoMatch,Unmatched,NA,NA
10378,1,1985,NoMatch,Unmatched,NA,NA
10406,1,1985,NoMatch,Unmatched,NA,NA
10447,2,1985,NoMatch,Unmatched,"AG EDWARDS & SONS,VERO BEACH,FL 32960","PORTER, KG"
10481,1,1985,NoMatch,Unmatched,NA,NA
10490,1,1985,NoMatch,Unmatched,NA,NA
10513,1,1985,NoMatch,Unmatched,NA,NA
10527,1,1985,NoMatch,Unmatched," SWEDISH SPORTSMENS ASSOC,RES UNIT,S-75007 UPPSALA,SWEDEN","HUSSDANELL, K"
10568,1,1984,NoMatch,Unmatched,NA,NA
10576,1,1984,NoMatch,Unmatched,NA,NA
10578,1,1984,NoMatch,Unmatched,NA,NA
10610,1,1984,NoMatch,Unmatched,NA,NA
10611,1,1984,NoMatch,Unmatched,NA,NA
10633,1,1984,NoMatch,Unmatched,NA,NA
10652,1,1984,NoMatch,Unmatched,NA,NA
10657,1,1984,NoMatch,Unmatched,"TRANSVAAL MUSEUM, PRETORIA 0001, SOUTH AFRICA","GREENACRE, MJ"
10657,1,1984,NoMatch,Unmatched,"TRANSVAAL MUSEUM, PRETORIA 0001, SOUTH AFRICA","VRBA, ES"
10664,1,1984,NoMatch,Unmatched,NA,NA
10697,1,1984,NoMatch,Unmatched,NA,NA
10698,1,1984,NoMatch,Unmatched,"SCH FIELD STUDIES,CAMBRIDGE,MA 02139","FETCHER, N"
10698,1,1984,NoMatch,Unmatched,"SCH FIELD STUDIES,CAMBRIDGE,MA 02139","BEATTY, TF"
10698,1,1984,NoMatch,Unmatched,"SCH FIELD STUDIES,CAMBRIDGE,MA 02139","MULLINAX, B"
10698,1,1984,NoMatch,Unmatched,"SCH FIELD STUDIES,CAMBRIDGE,MA 02139","WINKLER, DS"
10707,1,1984,NoMatch,Unmatched,NA,NA
10745,1,1984,NoMatch,Unmatched,"DUPONT CO,SAVANNAH RIVER LAB,AIKE,SC 29808","MURPHY, CE"
10746,1,1984,NoMatch,Unmatched,NA,NA
10752,1,1984,NoMatch,Unmatched,NA,NA
10760,1,1984,NoMatch,Unmatched,"KELSALL RES LTD,DELTA V4M 2W9,BC,CANADA","TELFER, ES"
10760,1,1984,NoMatch,Unmatched,"KELSALL RES LTD,DELTA V4M 2W9,BC,CANADA","KELSALL, JP"
10761,1,1984,NoMatch,Unmatched,NA,NA
10772,1,1984,NoMatch,Unmatched,"UNIV CALIF RIVERSIDE,RIVERSIDE,CA 92521","VIRGINIA, RA"
10793,1,1983,NoMatch,Unmatched,NA,NA
10809,1,1983,NoMatch,Unmatched,"UNIV FLORIDA,FLORIDA STATE MUSEUM,GAINESVILLE,FL 32611, USA.","HUMPHREY, SR"
10809,2,1983,NoMatch,Unmatched,"BREEDLOVE & ASSOCIATES INC,GAINESVILLE,FL 32601","ZINN, TL"
10811,1,1983,NoMatch,Unmatched,"SERENGETI RES INST,SERONERA,TANZANIA","MCNAUGHTON, SJ"
10811,1,1983,NoMatch,Unmatched,"SERENGETI RES INST,SERONERA,TANZANIA","WALLACE, LL"
10811,1,1983,NoMatch,Unmatched,"SERENGETI RES INST,SERONERA,TANZANIA","COUGHENOUR, MB"
10826,1,1983,NoMatch,Unmatched,"UNIV LOS ANDES,FAC CIENCIAS,MERIDA,VENEZUELA","JOSE, JJS"
10826,1,1983,NoMatch,Unmatched,"UNIV LOS ANDES,FAC CIENCIAS,MERIDA,VENEZUELA","FARINAS, MR"
10828,1,1983,NoMatch,Unmatched,NA,NA
10834,1,1983,NoMatch,Unmatched,NA,NA
10836,1,1983,NoMatch,Unmatched,NA,NA
10837,1,1983,NoMatch,Unmatched,NA,NA
10873,1,1983,NoMatch,Unmatched,NA,NA
10877,1,1983,NoMatch,Unmatched,NA,NA
10886,1,1983,NoMatch,Unmatched,NA,NA
10915,1,1983,NoMatch,Unmatched,NA,NA
10928,1,1983,NoMatch,Unmatched,NA,NA
10946,1,1983,NoMatch,Unmatched,NA,NA
10971,1,1983,NoMatch,Unmatched,NA,NA
10977,1,1983,NoMatch,Unmatched,NA,NA
10978,1,1983,NoMatch,Unmatched,NA,NA
10985,1,1983,NoMatch,Unmatched,NA,NA
11025,1,1982,NoMatch,Unmatched,NA,NA
11052,1,1982,NoMatch,Unmatched,NA,NA
11064,1,1982,NoMatch,Unmatched,"YALE UNIV, YALE COLL, NEW HAVEN, CT 06511 USA","ABER, JD"
11087,1,1982,NoMatch,Unmatched,NA,NA
11096,1,1982,NoMatch,Unmatched,NA,NA
11099,1,1982,NoMatch,Unmatched,NA,NA
11101,1,1982,NoMatch,Unmatched,"MUSEUM NO ARIZONA,HAROLD S COLTON RES CTR,FLAGSTAFF,AZ 86001","ZUCKER, WV"
11122,2,1982,NoMatch,Unmatched," LEISURE LOGGING CO,RICES MILLS,VT 05704","GILBERT, JJ"
11145,1,1982,NoMatch,Unmatched,NA,NA
11151,1,1982,NoMatch,Unmatched," TEXAS TECH UNIV MUSEUM, LUBBOCK, TX 79409 USA","PIMM, JW"
11155,1,1982,NoMatch,Unmatched,"UNIV N CAROLINA,CHAPEL HILL,NC 27514","KNEIB, RT"
11155,1,1982,NoMatch,Unmatched,"UNIV N CAROLINA,CHAPEL HILL,NC 27514","STIVEN, AE"
11158,1,1982,NoMatch,Unmatched,NA,NA
11172,1,1982,NoMatch,Unmatched,"MUNDELEIN COLL,CHICAGO,IL 60660","BREDEN, F"
11172,1,1982,NoMatch,Unmatched,"MUNDELEIN COLL,CHICAGO,IL 60660","KELLY, CH"
11203,1,1981,NoMatch,Unmatched,"SW RES STN,PORTAL,AZ 85632","HOWELL, DJ"
11203,1,1981,NoMatch,Unmatched,"SW RES STN,PORTAL,AZ 85632","ROTH, BS"
11213,1,1981,NoMatch,Unmatched,NA,NA
11245,1,1981,NoMatch,Unmatched,NA,NA
11262,1,1981,NoMatch,Unmatched,NA,NA
11264,2,1981,NoMatch,Unmatched,"DSIR,CHRISTCHURCH,NEW ZEALAND","WARDLE, P"
11271,1,1981,NoMatch,Unmatched," TALL TIMBERS RES STN,TALLAHASSEE,FL 32312","SIMBERLOFF, D"
11272,1,1981,NoMatch,Unmatched," TALL TIMBERS RES STN,TALLAHASSEE,FL 32312","SIMBERLOFF, D"
11284,1,1981,NoMatch,Unmatched,NA,NA
11285,1,1981,NoMatch,Unmatched,NA,NA
11302,1,1981,NoMatch,Unmatched,"UNIV CALIF DAVIS,DAVIS,CA 95616","GARSD, A"
11302,1,1981,NoMatch,Unmatched,"UNIV CALIF DAVIS,DAVIS,CA 95616","HOWARD, WE"
11305,1,1981,NoMatch,Unmatched,NA,NA
11312,1,1981,NoMatch,Unmatched,NA,NA
11327,1,1981,NoMatch,Unmatched,NA,NA
11343,1,1981,NoMatch,Unmatched,NA,NA
11349,1,1981,NoMatch,Unmatched,NA,NA
11355,1,1981,NoMatch,Unmatched,"UNIV TEXAS,AUSTIN,TX 78712","COCHRAN, D"
11356,1,1981,NoMatch,Unmatched,NA,NA
11371,1,1981,NoMatch,Unmatched,NA,NA
11394,1,1980,NoMatch,Unmatched,"UNIV CALIF DAVIS,DAVIS,CA 95616","WITTENBERGER, JF"
11412,1,1980,NoMatch,Unmatched,NA,NA
11420,1,1980,NoMatch,Unmatched,NA,NA
11429,1,1980,NoMatch,Unmatched,"N CAROLINA STATE UNIV,RALEIGH,NC 27650","BROWNE, RA"
11430,1,1980,NoMatch,Unmatched,"N CAROLINA STATE UNIV,RALEIGH,NC 27650","BROWNE, RA"
11434,1,1980,NoMatch,Unmatched,NA,NA
11442,1,1980,NoMatch,Unmatched,NA,NA
11452,1,1980,NoMatch,Unmatched,"UNIV TORONTO,ERINDALE COLL,MISSISSAUGA L5L 1C6,ONTARIO,CANADA","COLLINS, NC"
11478,1,1980,NoMatch,Unmatched,NA,NA
